name;username;email;photo_url;rented_place;password
Anna V.;avoronova;example@meow.ru;https://ru.freepik.com/free-photo/british-shorthair-cat-look-camera_17420038.htm#fromView=keyword&page=1&position=0&uuid=934548c2-16a9-4c1b-b79a-10e83679e539&query=%D0%9A%D0%BE%D1%88%D0%BA%D0%B8;2;$2a$12$dGP6CuX5eyjZk77DcwXmZOLkG55LP.Sh10EmQdiJ8/kZNulQ4QX9W
Kolya V.;nvoronov;wow@meow.ru;https://ru.freepik.com/free-photo/british-shorthair-cat-look-camera_17420038.htm#fromView=keyword&page=1&position=0&uuid=c5ea3001-f67f-4326-bc84-91ff77e571fc&query=%D0%9A%D0%BE%D1%88%D0%BA%D0%B8;1;$2a$12$IYkcEdPi0iZ/pF5r/.Q7q.oHDE2qHqVuqMPTOsHZl.3o5tbfuRMIC
Смирнов Алексей Сергеевич;aсмирнов;aсмирнов@example.com;https://images.firma-gamma.ru/images/5/6/d36639273692l.jpg;1;$2a$10$eObqG4zk7CbKPPTv0daHm.bcpK6zwyFPpjAVXOeDWrT/3TpVcxpia
Васильев Алексей Сергеевич;aвасильев;aвасильев@example.com;https://images.firma-gamma.ru/images/5/6/d36639273692l.jpg;2;$2a$10$eObqG4zk7CbKPPTv0daHm.bcpK6zwyFPpjAVXOeDWrT/3TpVcxpia
Козлов Алексей Сергеевич;aкозлов;aкозлов@example.com;https://images.firma-gamma.ru/images/5/6/d36639273692l.jpg;3;$2a$10$eObqG4zk7CbKPPTv0daHm.bcpK6zwyFPpjAVXOeDWrT/3TpVcxpia
Попов Алексей Сергеевич;aпопов;aпопов@example.com;https://images.firma-gamma.ru/images/5/6/d36639273692l.jpg;4;$2a$10$eObqG4zk7CbKPPTv0daHm.bcpK6zwyFPpjAVXOeDWrT/3TpVcxpia
Новиков Алексей Сергеевич;aновиков;aновиков@example.com;https://images.firma-gamma.ru/images/5/6/d36639273692l.jpg;5;$2a$10$eObqG4zk7CbKPPTv0daHm.bcpK6zwyFPpjAVXOeDWrT/3TpVcxpia
Морозов Алексей Сергеевич;aморозов;aморозов@example.com;https://images.firma-gamma.ru/images/5/6/d36639273692l.jpg;6;$2a$10$eObqG4zk7CbKPPTv0daHm.bcpK6zwyFPpjAVXOeDWrT/3TpVcxpia
Павлов Алексей Сергеевич;aпавлов;aпавлов@example.com;https://images.firma-gamma.ru/images/5/6/d36639273692l.jpg;7;$2a$10$eObqG4zk7CbKPPTv0daHm.bcpK6zwyFPpjAVXOeDWrT/3TpVcxpia
Семенов Алексей Сергеевич;aсеменов;aсеменов@example.com;https://images.firma-gamma.ru/images/5/6/d36639273692l.jpg;8;$2a$10$eObqG4zk7CbKPPTv0daHm.bcpK6zwyFPpjAVXOeDWrT/3TpVcxpia
Голубев Алексей Сергеевич;aголубев;aголубев@example.com;https://images.firma-gamma.ru/images/5/6/d36639273692l.jpg;9;$2a$10$eObqG4zk7CbKPPTv0daHm.bcpK6zwyFPpjAVXOeDWrT/3TpVcxpia
Виноградов Алексей Сергеевич;aвиноградов;aвиноградов@example.com;https://images.firma-gamma.ru/images/5/6/d36639273692l.jpg;10;$2a$10$eObqG4zk7CbKPPTv0daHm.bcpK6zwyFPpjAVXOeDWrT/3TpVcxpia
Смирнов Алексей Сергеевич;aсмирнов1;aсмирнов1@example.com;https://images.firma-gamma.ru/images/5/6/d36639273692l.jpg;1;$2a$10$eObqG4zk7CbKPPTv0daHm.bcpK6zwyFPpjAVXOeDWrT/3TpVcxpia
Васильев Алексей Сергеевич;aвасильев1;aвасильев1@example.com;https://images.firma-gamma.ru/images/5/6/d36639273692l.jpg;2;$2a$10$eObqG4zk7CbKPPTv0daHm.bcpK6zwyFPpjAVXOeDWrT/3TpVcxpia
Козлов Алексей Сергеевич;aкозлов1;aкозлов1@example.com;https://images.firma-gamma.ru/images/5/6/d36639273692l.jpg;3;$2a$10$eObqG4zk7CbKPPTv0daHm.bcpK6zwyFPpjAVXOeDWrT/3TpVcxpia
Попов Алексей Сергеевич;aпопов1;aпопов1@example.com;https://images.firma-gamma.ru/images/5/6/d36639273692l.jpg;4;$2a$10$eObqG4zk7CbKPPTv0daHm.bcpK6zwyFPpjAVXOeDWrT/3TpVcxpia
Новиков Алексей Сергеевич;aновиков1;aновиков1@example.com;https://images.firma-gamma.ru/images/5/6/d36639273692l.jpg;5;$2a$10$eObqG4zk7CbKPPTv0daHm.bcpK6zwyFPpjAVXOeDWrT/3TpVcxpia
Морозов Алексей Сергеевич;aморозов1;aморозов1@example.com;https://images.firma-gamma.ru/images/5/6/d36639273692l.jpg;6;$2a$10$eObqG4zk7CbKPPTv0daHm.bcpK6zwyFPpjAVXOeDWrT/3TpVcxpia
Павлов Алексей Сергеевич;aпавлов1;aпавлов1@example.com;https://images.firma-gamma.ru/images/5/6/d36639273692l.jpg;7;$2a$10$eObqG4zk7CbKPPTv0daHm.bcpK6zwyFPpjAVXOeDWrT/3TpVcxpia
Семенов Алексей Сергеевич;aсеменов1;aсеменов1@example.com;https://images.firma-gamma.ru/images/5/6/d36639273692l.jpg;8;$2a$10$eObqG4zk7CbKPPTv0daHm.bcpK6zwyFPpjAVXOeDWrT/3TpVcxpia
Голубев Алексей Сергеевич;aголубев1;aголубев1@example.com;https://images.firma-gamma.ru/images/5/6/d36639273692l.jpg;9;$2a$10$eObqG4zk7CbKPPTv0daHm.bcpK6zwyFPpjAVXOeDWrT/3TpVcxpia
Виноградов Алексей Сергеевич;aвиноградов1;aвиноградов1@example.com;https://images.firma-gamma.ru/images/5/6/d36639273692l.jpg;10;$2a$10$eObqG4zk7CbKPPTv0daHm.bcpK6zwyFPpjAVXOeDWrT/3TpVcxpia
Смирнов Алексей Сергеевич;aсмирнов2;aсмирнов2@example.com;https://images.firma-gamma.ru/images/5/6/d36639273692l.jpg;1;$2a$10$eObqG4zk7CbKPPTv0daHm.bcpK6zwyFPpjAVXOeDWrT/3TpVcxpia
Васильев Алексей Сергеевич;aвасильев2;aвасильев2@example.com;https://images.firma-gamma.ru/images/5/6/d36639273692l.jpg;2;$2a$10$eObqG4zk7CbKPPTv0daHm.bcpK6zwyFPpjAVXOeDWrT/3TpVcxpia
Козлов Алексей Сергеевич;aкозлов2;aкозлов2@example.com;https://images.firma-gamma.ru/images/5/6/d36639273692l.jpg;3;$2a$10$eObqG4zk7CbKPPTv0daHm.bcpK6zwyFPpjAVXOeDWrT/3TpVcxpia
Попов Алексей Сергеевич;aпопов2;aпопов2@example.com;https://images.firma-gamma.ru/images/5/6/d36639273692l.jpg;4;$2a$10$eObqG4zk7CbKPPTv0daHm.bcpK6zwyFPpjAVXOeDWrT/3TpVcxpia
Новиков Алексей Сергеевич;aновиков2;aновиков2@example.com;https://images.firma-gamma.ru/images/5/6/d36639273692l.jpg;5;$2a$10$eObqG4zk7CbKPPTv0daHm.bcpK6zwyFPpjAVXOeDWrT/3TpVcxpia
Морозов Алексей Сергеевич;aморозов2;aморозов2@example.com;https://images.firma-gamma.ru/images/5/6/d36639273692l.jpg;6;$2a$10$eObqG4zk7CbKPPTv0daHm.bcpK6zwyFPpjAVXOeDWrT/3TpVcxpia
Павлов Алексей Сергеевич;aпавлов2;aпавлов2@example.com;https://images.firma-gamma.ru/images/5/6/d36639273692l.jpg;7;$2a$10$eObqG4zk7CbKPPTv0daHm.bcpK6zwyFPpjAVXOeDWrT/3TpVcxpia
Семенов Алексей Сергеевич;aсеменов2;aсеменов2@example.com;https://images.firma-gamma.ru/images/5/6/d36639273692l.jpg;8;$2a$10$eObqG4zk7CbKPPTv0daHm.bcpK6zwyFPpjAVXOeDWrT/3TpVcxpia
Голубев Алексей Сергеевич;aголубев2;aголубев2@example.com;https://images.firma-gamma.ru/images/5/6/d36639273692l.jpg;9;$2a$10$eObqG4zk7CbKPPTv0daHm.bcpK6zwyFPpjAVXOeDWrT/3TpVcxpia
Виноградов Алексей Сергеевич;aвиноградов2;aвиноградов2@example.com;https://images.firma-gamma.ru/images/5/6/d36639273692l.jpg;10;$2a$10$eObqG4zk7CbKPPTv0daHm.bcpK6zwyFPpjAVXOeDWrT/3TpVcxpia
Смирнов Алексей Сергеевич;aсмирнов3;aсмирнов3@example.com;https://images.firma-gamma.ru/images/5/6/d36639273692l.jpg;1;$2a$10$eObqG4zk7CbKPPTv0daHm.bcpK6zwyFPpjAVXOeDWrT/3TpVcxpia
Васильев Алексей Сергеевич;aвасильев3;aвасильев3@example.com;https://images.firma-gamma.ru/images/5/6/d36639273692l.jpg;2;$2a$10$eObqG4zk7CbKPPTv0daHm.bcpK6zwyFPpjAVXOeDWrT/3TpVcxpia
Козлов Алексей Сергеевич;aкозлов3;aкозлов3@example.com;https://images.firma-gamma.ru/images/5/6/d36639273692l.jpg;3;$2a$10$eObqG4zk7CbKPPTv0daHm.bcpK6zwyFPpjAVXOeDWrT/3TpVcxpia
Попов Алексей Сергеевич;aпопов3;aпопов3@example.com;https://images.firma-gamma.ru/images/5/6/d36639273692l.jpg;4;$2a$10$eObqG4zk7CbKPPTv0daHm.bcpK6zwyFPpjAVXOeDWrT/3TpVcxpia
Новиков Алексей Сергеевич;aновиков3;aновиков3@example.com;https://images.firma-gamma.ru/images/5/6/d36639273692l.jpg;5;$2a$10$eObqG4zk7CbKPPTv0daHm.bcpK6zwyFPpjAVXOeDWrT/3TpVcxpia
Морозов Алексей Сергеевич;aморозов3;aморозов3@example.com;https://images.firma-gamma.ru/images/5/6/d36639273692l.jpg;6;$2a$10$eObqG4zk7CbKPPTv0daHm.bcpK6zwyFPpjAVXOeDWrT/3TpVcxpia
Павлов Алексей Сергеевич;aпавлов3;aпавлов3@example.com;https://images.firma-gamma.ru/images/5/6/d36639273692l.jpg;7;$2a$10$eObqG4zk7CbKPPTv0daHm.bcpK6zwyFPpjAVXOeDWrT/3TpVcxpia
Семенов Алексей Сергеевич;aсеменов3;aсеменов3@example.com;https://images.firma-gamma.ru/images/5/6/d36639273692l.jpg;8;$2a$10$eObqG4zk7CbKPPTv0daHm.bcpK6zwyFPpjAVXOeDWrT/3TpVcxpia
Голубев Алексей Сергеевич;aголубев3;aголубев3@example.com;https://images.firma-gamma.ru/images/5/6/d36639273692l.jpg;9;$2a$10$eObqG4zk7CbKPPTv0daHm.bcpK6zwyFPpjAVXOeDWrT/3TpVcxpia
Виноградов Алексей Сергеевич;aвиноградов3;aвиноградов3@example.com;https://images.firma-gamma.ru/images/5/6/d36639273692l.jpg;10;$2a$10$eObqG4zk7CbKPPTv0daHm.bcpK6zwyFPpjAVXOeDWrT/3TpVcxpia
Смирнов Алексей Сергеевич;aсмирнов4;aсмирнов4@example.com;https://images.firma-gamma.ru/images/5/6/d36639273692l.jpg;1;$2a$10$eObqG4zk7CbKPPTv0daHm.bcpK6zwyFPpjAVXOeDWrT/3TpVcxpia
Васильев Алексей Сергеевич;aвасильев4;aвасильев4@example.com;https://images.firma-gamma.ru/images/5/6/d36639273692l.jpg;2;$2a$10$eObqG4zk7CbKPPTv0daHm.bcpK6zwyFPpjAVXOeDWrT/3TpVcxpia
Козлов Алексей Сергеевич;aкозлов4;aкозлов4@example.com;https://images.firma-gamma.ru/images/5/6/d36639273692l.jpg;3;$2a$10$eObqG4zk7CbKPPTv0daHm.bcpK6zwyFPpjAVXOeDWrT/3TpVcxpia
Попов Алексей Сергеевич;aпопов4;aпопов4@example.com;https://images.firma-gamma.ru/images/5/6/d36639273692l.jpg;4;$2a$10$eObqG4zk7CbKPPTv0daHm.bcpK6zwyFPpjAVXOeDWrT/3TpVcxpia
Новиков Алексей Сергеевич;aновиков4;aновиков4@example.com;https://images.firma-gamma.ru/images/5/6/d36639273692l.jpg;5;$2a$10$eObqG4zk7CbKPPTv0daHm.bcpK6zwyFPpjAVXOeDWrT/3TpVcxpia
Морозов Алексей Сергеевич;aморозов4;aморозов4@example.com;https://images.firma-gamma.ru/images/5/6/d36639273692l.jpg;6;$2a$10$eObqG4zk7CbKPPTv0daHm.bcpK6zwyFPpjAVXOeDWrT/3TpVcxpia
Павлов Алексей Сергеевич;aпавлов4;aпавлов4@example.com;https://images.firma-gamma.ru/images/5/6/d36639273692l.jpg;7;$2a$10$eObqG4zk7CbKPPTv0daHm.bcpK6zwyFPpjAVXOeDWrT/3TpVcxpia
Семенов Алексей Сергеевич;aсеменов4;aсеменов4@example.com;https://images.firma-gamma.ru/images/5/6/d36639273692l.jpg;8;$2a$10$eObqG4zk7CbKPPTv0daHm.bcpK6zwyFPpjAVXOeDWrT/3TpVcxpia
Голубев Алексей Сергеевич;aголубев4;aголубев4@example.com;https://images.firma-gamma.ru/images/5/6/d36639273692l.jpg;9;$2a$10$eObqG4zk7CbKPPTv0daHm.bcpK6zwyFPpjAVXOeDWrT/3TpVcxpia
Виноградов Алексей Сергеевич;aвиноградов4;aвиноградов4@example.com;https://images.firma-gamma.ru/images/5/6/d36639273692l.jpg;10;$2a$10$eObqG4zk7CbKPPTv0daHm.bcpK6zwyFPpjAVXOeDWrT/3TpVcxpia
Смирнов Алексей Сергеевич;aсмирнов5;aсмирнов5@example.com;https://images.firma-gamma.ru/images/5/6/d36639273692l.jpg;1;$2a$10$eObqG4zk7CbKPPTv0daHm.bcpK6zwyFPpjAVXOeDWrT/3TpVcxpia
Васильев Алексей Сергеевич;aвасильев5;aвасильев5@example.com;https://images.firma-gamma.ru/images/5/6/d36639273692l.jpg;2;$2a$10$eObqG4zk7CbKPPTv0daHm.bcpK6zwyFPpjAVXOeDWrT/3TpVcxpia
Козлов Алексей Сергеевич;aкозлов5;aкозлов5@example.com;https://images.firma-gamma.ru/images/5/6/d36639273692l.jpg;3;$2a$10$eObqG4zk7CbKPPTv0daHm.bcpK6zwyFPpjAVXOeDWrT/3TpVcxpia
Попов Алексей Сергеевич;aпопов5;aпопов5@example.com;https://images.firma-gamma.ru/images/5/6/d36639273692l.jpg;4;$2a$10$eObqG4zk7CbKPPTv0daHm.bcpK6zwyFPpjAVXOeDWrT/3TpVcxpia
Новиков Алексей Сергеевич;aновиков5;aновиков5@example.com;https://images.firma-gamma.ru/images/5/6/d36639273692l.jpg;5;$2a$10$eObqG4zk7CbKPPTv0daHm.bcpK6zwyFPpjAVXOeDWrT/3TpVcxpia
Морозов Алексей Сергеевич;aморозов5;aморозов5@example.com;https://images.firma-gamma.ru/images/5/6/d36639273692l.jpg;6;$2a$10$eObqG4zk7CbKPPTv0daHm.bcpK6zwyFPpjAVXOeDWrT/3TpVcxpia
Павлов Алексей Сергеевич;aпавлов5;aпавлов5@example.com;https://images.firma-gamma.ru/images/5/6/d36639273692l.jpg;7;$2a$10$eObqG4zk7CbKPPTv0daHm.bcpK6zwyFPpjAVXOeDWrT/3TpVcxpia
Семенов Алексей Сергеевич;aсеменов5;aсеменов5@example.com;https://images.firma-gamma.ru/images/5/6/d36639273692l.jpg;8;$2a$10$eObqG4zk7CbKPPTv0daHm.bcpK6zwyFPpjAVXOeDWrT/3TpVcxpia
Голубев Алексей Сергеевич;aголубев5;aголубев5@example.com;https://images.firma-gamma.ru/images/5/6/d36639273692l.jpg;9;$2a$10$eObqG4zk7CbKPPTv0daHm.bcpK6zwyFPpjAVXOeDWrT/3TpVcxpia
Виноградов Алексей Сергеевич;aвиноградов5;aвиноградов5@example.com;https://images.firma-gamma.ru/images/5/6/d36639273692l.jpg;10;$2a$10$eObqG4zk7CbKPPTv0daHm.bcpK6zwyFPpjAVXOeDWrT/3TpVcxpia
Смирнов Алексей Сергеевич;aсмирнов6;aсмирнов6@example.com;https://images.firma-gamma.ru/images/5/6/d36639273692l.jpg;1;$2a$10$eObqG4zk7CbKPPTv0daHm.bcpK6zwyFPpjAVXOeDWrT/3TpVcxpia
Васильев Алексей Сергеевич;aвасильев6;aвасильев6@example.com;https://images.firma-gamma.ru/images/5/6/d36639273692l.jpg;2;$2a$10$eObqG4zk7CbKPPTv0daHm.bcpK6zwyFPpjAVXOeDWrT/3TpVcxpia
Козлов Алексей Сергеевич;aкозлов6;aкозлов6@example.com;https://images.firma-gamma.ru/images/5/6/d36639273692l.jpg;3;$2a$10$eObqG4zk7CbKPPTv0daHm.bcpK6zwyFPpjAVXOeDWrT/3TpVcxpia
Попов Алексей Сергеевич;aпопов6;aпопов6@example.com;https://images.firma-gamma.ru/images/5/6/d36639273692l.jpg;4;$2a$10$eObqG4zk7CbKPPTv0daHm.bcpK6zwyFPpjAVXOeDWrT/3TpVcxpia
Новиков Алексей Сергеевич;aновиков6;aновиков6@example.com;https://images.firma-gamma.ru/images/5/6/d36639273692l.jpg;5;$2a$10$eObqG4zk7CbKPPTv0daHm.bcpK6zwyFPpjAVXOeDWrT/3TpVcxpia
Морозов Алексей Сергеевич;aморозов6;aморозов6@example.com;https://images.firma-gamma.ru/images/5/6/d36639273692l.jpg;6;$2a$10$eObqG4zk7CbKPPTv0daHm.bcpK6zwyFPpjAVXOeDWrT/3TpVcxpia
Павлов Алексей Сергеевич;aпавлов6;aпавлов6@example.com;https://images.firma-gamma.ru/images/5/6/d36639273692l.jpg;7;$2a$10$eObqG4zk7CbKPPTv0daHm.bcpK6zwyFPpjAVXOeDWrT/3TpVcxpia
Семенов Алексей Сергеевич;aсеменов6;aсеменов6@example.com;https://images.firma-gamma.ru/images/5/6/d36639273692l.jpg;8;$2a$10$eObqG4zk7CbKPPTv0daHm.bcpK6zwyFPpjAVXOeDWrT/3TpVcxpia
Голубев Алексей Сергеевич;aголубев6;aголубев6@example.com;https://images.firma-gamma.ru/images/5/6/d36639273692l.jpg;9;$2a$10$eObqG4zk7CbKPPTv0daHm.bcpK6zwyFPpjAVXOeDWrT/3TpVcxpia
Виноградов Алексей Сергеевич;aвиноградов6;aвиноградов6@example.com;https://images.firma-gamma.ru/images/5/6/d36639273692l.jpg;10;$2a$10$eObqG4zk7CbKPPTv0daHm.bcpK6zwyFPpjAVXOeDWrT/3TpVcxpia
Смирнов Алексей Сергеевич;aсмирнов7;aсмирнов7@example.com;https://images.firma-gamma.ru/images/5/6/d36639273692l.jpg;1;$2a$10$eObqG4zk7CbKPPTv0daHm.bcpK6zwyFPpjAVXOeDWrT/3TpVcxpia
Васильев Алексей Сергеевич;aвасильев7;aвасильев7@example.com;https://images.firma-gamma.ru/images/5/6/d36639273692l.jpg;2;$2a$10$eObqG4zk7CbKPPTv0daHm.bcpK6zwyFPpjAVXOeDWrT/3TpVcxpia
Козлов Алексей Сергеевич;aкозлов7;aкозлов7@example.com;https://images.firma-gamma.ru/images/5/6/d36639273692l.jpg;3;$2a$10$eObqG4zk7CbKPPTv0daHm.bcpK6zwyFPpjAVXOeDWrT/3TpVcxpia
Попов Алексей Сергеевич;aпопов7;aпопов7@example.com;https://images.firma-gamma.ru/images/5/6/d36639273692l.jpg;4;$2a$10$eObqG4zk7CbKPPTv0daHm.bcpK6zwyFPpjAVXOeDWrT/3TpVcxpia
Новиков Алексей Сергеевич;aновиков7;aновиков7@example.com;https://images.firma-gamma.ru/images/5/6/d36639273692l.jpg;5;$2a$10$eObqG4zk7CbKPPTv0daHm.bcpK6zwyFPpjAVXOeDWrT/3TpVcxpia
Морозов Алексей Сергеевич;aморозов7;aморозов7@example.com;https://images.firma-gamma.ru/images/5/6/d36639273692l.jpg;6;$2a$10$eObqG4zk7CbKPPTv0daHm.bcpK6zwyFPpjAVXOeDWrT/3TpVcxpia
Павлов Алексей Сергеевич;aпавлов7;aпавлов7@example.com;https://images.firma-gamma.ru/images/5/6/d36639273692l.jpg;7;$2a$10$eObqG4zk7CbKPPTv0daHm.bcpK6zwyFPpjAVXOeDWrT/3TpVcxpia
Семенов Алексей Сергеевич;aсеменов7;aсеменов7@example.com;https://images.firma-gamma.ru/images/5/6/d36639273692l.jpg;8;$2a$10$eObqG4zk7CbKPPTv0daHm.bcpK6zwyFPpjAVXOeDWrT/3TpVcxpia
Голубев Алексей Сергеевич;aголубев7;aголубев7@example.com;https://images.firma-gamma.ru/images/5/6/d36639273692l.jpg;9;$2a$10$eObqG4zk7CbKPPTv0daHm.bcpK6zwyFPpjAVXOeDWrT/3TpVcxpia
Виноградов Алексей Сергеевич;aвиноградов7;aвиноградов7@example.com;https://images.firma-gamma.ru/images/5/6/d36639273692l.jpg;10;$2a$10$eObqG4zk7CbKPPTv0daHm.bcpK6zwyFPpjAVXOeDWrT/3TpVcxpia
Смирнов Алексей Сергеевич;aсмирнов8;aсмирнов8@example.com;https://images.firma-gamma.ru/images/5/6/d36639273692l.jpg;1;$2a$10$eObqG4zk7CbKPPTv0daHm.bcpK6zwyFPpjAVXOeDWrT/3TpVcxpia
Васильев Алексей Сергеевич;aвасильев8;aвасильев8@example.com;https://images.firma-gamma.ru/images/5/6/d36639273692l.jpg;2;$2a$10$eObqG4zk7CbKPPTv0daHm.bcpK6zwyFPpjAVXOeDWrT/3TpVcxpia
Козлов Алексей Сергеевич;aкозлов8;aкозлов8@example.com;https://images.firma-gamma.ru/images/5/6/d36639273692l.jpg;3;$2a$10$eObqG4zk7CbKPPTv0daHm.bcpK6zwyFPpjAVXOeDWrT/3TpVcxpia
Попов Алексей Сергеевич;aпопов8;aпопов8@example.com;https://images.firma-gamma.ru/images/5/6/d36639273692l.jpg;4;$2a$10$eObqG4zk7CbKPPTv0daHm.bcpK6zwyFPpjAVXOeDWrT/3TpVcxpia
Новиков Алексей Сергеевич;aновиков8;aновиков8@example.com;https://images.firma-gamma.ru/images/5/6/d36639273692l.jpg;5;$2a$10$eObqG4zk7CbKPPTv0daHm.bcpK6zwyFPpjAVXOeDWrT/3TpVcxpia
Морозов Алексей Сергеевич;aморозов8;aморозов8@example.com;https://images.firma-gamma.ru/images/5/6/d36639273692l.jpg;6;$2a$10$eObqG4zk7CbKPPTv0daHm.bcpK6zwyFPpjAVXOeDWrT/3TpVcxpia
Павлов Алексей Сергеевич;aпавлов8;aпавлов8@example.com;https://images.firma-gamma.ru/images/5/6/d36639273692l.jpg;7;$2a$10$eObqG4zk7CbKPPTv0daHm.bcpK6zwyFPpjAVXOeDWrT/3TpVcxpia
Семенов Алексей Сергеевич;aсеменов8;aсеменов8@example.com;https://images.firma-gamma.ru/images/5/6/d36639273692l.jpg;8;$2a$10$eObqG4zk7CbKPPTv0daHm.bcpK6zwyFPpjAVXOeDWrT/3TpVcxpia
Голубев Алексей Сергеевич;aголубев8;aголубев8@example.com;https://images.firma-gamma.ru/images/5/6/d36639273692l.jpg;9;$2a$10$eObqG4zk7CbKPPTv0daHm.bcpK6zwyFPpjAVXOeDWrT/3TpVcxpia
Виноградов Алексей Сергеевич;aвиноградов8;aвиноградов8@example.com;https://images.firma-gamma.ru/images/5/6/d36639273692l.jpg;10;$2a$10$eObqG4zk7CbKPPTv0daHm.bcpK6zwyFPpjAVXOeDWrT/3TpVcxpia
Смирнов Алексей Сергеевич;aсмирнов9;aсмирнов9@example.com;https://images.firma-gamma.ru/images/5/6/d36639273692l.jpg;1;$2a$10$eObqG4zk7CbKPPTv0daHm.bcpK6zwyFPpjAVXOeDWrT/3TpVcxpia
Васильев Алексей Сергеевич;aвасильев9;aвасильев9@example.com;https://images.firma-gamma.ru/images/5/6/d36639273692l.jpg;2;$2a$10$eObqG4zk7CbKPPTv0daHm.bcpK6zwyFPpjAVXOeDWrT/3TpVcxpia
Козлов Алексей Сергеевич;aкозлов9;aкозлов9@example.com;https://images.firma-gamma.ru/images/5/6/d36639273692l.jpg;3;$2a$10$eObqG4zk7CbKPPTv0daHm.bcpK6zwyFPpjAVXOeDWrT/3TpVcxpia
Попов Алексей Сергеевич;aпопов9;aпопов9@example.com;https://images.firma-gamma.ru/images/5/6/d36639273692l.jpg;4;$2a$10$eObqG4zk7CbKPPTv0daHm.bcpK6zwyFPpjAVXOeDWrT/3TpVcxpia
Новиков Алексей Сергеевич;aновиков9;aновиков9@example.com;https://images.firma-gamma.ru/images/5/6/d36639273692l.jpg;5;$2a$10$eObqG4zk7CbKPPTv0daHm.bcpK6zwyFPpjAVXOeDWrT/3TpVcxpia
Морозов Алексей Сергеевич;aморозов9;aморозов9@example.com;https://images.firma-gamma.ru/images/5/6/d36639273692l.jpg;6;$2a$10$eObqG4zk7CbKPPTv0daHm.bcpK6zwyFPpjAVXOeDWrT/3TpVcxpia
Павлов Алексей Сергеевич;aпавлов9;aпавлов9@example.com;https://images.firma-gamma.ru/images/5/6/d36639273692l.jpg;7;$2a$10$eObqG4zk7CbKPPTv0daHm.bcpK6zwyFPpjAVXOeDWrT/3TpVcxpia
Семенов Алексей Сергеевич;aсеменов9;aсеменов9@example.com;https://images.firma-gamma.ru/images/5/6/d36639273692l.jpg;8;$2a$10$eObqG4zk7CbKPPTv0daHm.bcpK6zwyFPpjAVXOeDWrT/3TpVcxpia
Голубев Алексей Сергеевич;aголубев9;aголубев9@example.com;https://images.firma-gamma.ru/images/5/6/d36639273692l.jpg;9;$2a$10$eObqG4zk7CbKPPTv0daHm.bcpK6zwyFPpjAVXOeDWrT/3TpVcxpia
Виноградов Алексей Сергеевич;aвиноградов9;aвиноградов9@example.com;https://images.firma-gamma.ru/images/5/6/d36639273692l.jpg;10;$2a$10$eObqG4zk7CbKPPTv0daHm.bcpK6zwyFPpjAVXOeDWrT/3TpVcxpia
Смирнов Алексей Сергеевич;aсмирнов10;aсмирнов10@example.com;https://images.firma-gamma.ru/images/5/6/d36639273692l.jpg;1;$2a$10$eObqG4zk7CbKPPTv0daHm.bcpK6zwyFPpjAVXOeDWrT/3TpVcxpia
Васильев Алексей Сергеевич;aвасильев10;aвасильев10@example.com;https://images.firma-gamma.ru/images/5/6/d36639273692l.jpg;2;$2a$10$eObqG4zk7CbKPPTv0daHm.bcpK6zwyFPpjAVXOeDWrT/3TpVcxpia
Козлов Алексей Сергеевич;aкозлов10;aкозлов10@example.com;https://images.firma-gamma.ru/images/5/6/d36639273692l.jpg;3;$2a$10$eObqG4zk7CbKPPTv0daHm.bcpK6zwyFPpjAVXOeDWrT/3TpVcxpia
Попов Алексей Сергеевич;aпопов10;aпопов10@example.com;https://images.firma-gamma.ru/images/5/6/d36639273692l.jpg;4;$2a$10$eObqG4zk7CbKPPTv0daHm.bcpK6zwyFPpjAVXOeDWrT/3TpVcxpia
Новиков Алексей Сергеевич;aновиков10;aновиков10@example.com;https://images.firma-gamma.ru/images/5/6/d36639273692l.jpg;5;$2a$10$eObqG4zk7CbKPPTv0daHm.bcpK6zwyFPpjAVXOeDWrT/3TpVcxpia
Морозов Алексей Сергеевич;aморозов10;aморозов10@example.com;https://images.firma-gamma.ru/images/5/6/d36639273692l.jpg;6;$2a$10$eObqG4zk7CbKPPTv0daHm.bcpK6zwyFPpjAVXOeDWrT/3TpVcxpia
Павлов Алексей Сергеевич;aпавлов10;aпавлов10@example.com;https://images.firma-gamma.ru/images/5/6/d36639273692l.jpg;7;$2a$10$eObqG4zk7CbKPPTv0daHm.bcpK6zwyFPpjAVXOeDWrT/3TpVcxpia
Семенов Алексей Сергеевич;aсеменов10;aсеменов10@example.com;https://images.firma-gamma.ru/images/5/6/d36639273692l.jpg;8;$2a$10$eObqG4zk7CbKPPTv0daHm.bcpK6zwyFPpjAVXOeDWrT/3TpVcxpia
Голубев Алексей Сергеевич;aголубев10;aголубев10@example.com;https://images.firma-gamma.ru/images/5/6/d36639273692l.jpg;9;$2a$10$eObqG4zk7CbKPPTv0daHm.bcpK6zwyFPpjAVXOeDWrT/3TpVcxpia
Виноградов Алексей Сергеевич;aвиноградов10;aвиноградов10@example.com;https://images.firma-gamma.ru/images/5/6/d36639273692l.jpg;10;$2a$10$eObqG4zk7CbKPPTv0daHm.bcpK6zwyFPpjAVXOeDWrT/3TpVcxpia
Смирнов Алексей Сергеевич;aсмирнов11;aсмирнов11@example.com;https://images.firma-gamma.ru/images/5/6/d36639273692l.jpg;1;$2a$10$eObqG4zk7CbKPPTv0daHm.bcpK6zwyFPpjAVXOeDWrT/3TpVcxpia
Васильев Алексей Сергеевич;aвасильев11;aвасильев11@example.com;https://images.firma-gamma.ru/images/5/6/d36639273692l.jpg;2;$2a$10$eObqG4zk7CbKPPTv0daHm.bcpK6zwyFPpjAVXOeDWrT/3TpVcxpia
Козлов Алексей Сергеевич;aкозлов11;aкозлов11@example.com;https://images.firma-gamma.ru/images/5/6/d36639273692l.jpg;3;$2a$10$eObqG4zk7CbKPPTv0daHm.bcpK6zwyFPpjAVXOeDWrT/3TpVcxpia
Попов Алексей Сергеевич;aпопов11;aпопов11@example.com;https://images.firma-gamma.ru/images/5/6/d36639273692l.jpg;4;$2a$10$eObqG4zk7CbKPPTv0daHm.bcpK6zwyFPpjAVXOeDWrT/3TpVcxpia
Новиков Алексей Сергеевич;aновиков11;aновиков11@example.com;https://images.firma-gamma.ru/images/5/6/d36639273692l.jpg;5;$2a$10$eObqG4zk7CbKPPTv0daHm.bcpK6zwyFPpjAVXOeDWrT/3TpVcxpia
Морозов Алексей Сергеевич;aморозов11;aморозов11@example.com;https://images.firma-gamma.ru/images/5/6/d36639273692l.jpg;6;$2a$10$eObqG4zk7CbKPPTv0daHm.bcpK6zwyFPpjAVXOeDWrT/3TpVcxpia
Павлов Алексей Сергеевич;aпавлов11;aпавлов11@example.com;https://images.firma-gamma.ru/images/5/6/d36639273692l.jpg;7;$2a$10$eObqG4zk7CbKPPTv0daHm.bcpK6zwyFPpjAVXOeDWrT/3TpVcxpia
Семенов Алексей Сергеевич;aсеменов11;aсеменов11@example.com;https://images.firma-gamma.ru/images/5/6/d36639273692l.jpg;8;$2a$10$eObqG4zk7CbKPPTv0daHm.bcpK6zwyFPpjAVXOeDWrT/3TpVcxpia
Голубев Алексей Сергеевич;aголубев11;aголубев11@example.com;https://images.firma-gamma.ru/images/5/6/d36639273692l.jpg;9;$2a$10$eObqG4zk7CbKPPTv0daHm.bcpK6zwyFPpjAVXOeDWrT/3TpVcxpia
Виноградов Алексей Сергеевич;aвиноградов11;aвиноградов11@example.com;https://images.firma-gamma.ru/images/5/6/d36639273692l.jpg;10;$2a$10$eObqG4zk7CbKPPTv0daHm.bcpK6zwyFPpjAVXOeDWrT/3TpVcxpia
Смирнов Алексей Сергеевич;aсмирнов12;aсмирнов12@example.com;https://images.firma-gamma.ru/images/5/6/d36639273692l.jpg;1;$2a$10$eObqG4zk7CbKPPTv0daHm.bcpK6zwyFPpjAVXOeDWrT/3TpVcxpia
Васильев Алексей Сергеевич;aвасильев12;aвасильев12@example.com;https://images.firma-gamma.ru/images/5/6/d36639273692l.jpg;2;$2a$10$eObqG4zk7CbKPPTv0daHm.bcpK6zwyFPpjAVXOeDWrT/3TpVcxpia
Козлов Алексей Сергеевич;aкозлов12;aкозлов12@example.com;https://images.firma-gamma.ru/images/5/6/d36639273692l.jpg;3;$2a$10$eObqG4zk7CbKPPTv0daHm.bcpK6zwyFPpjAVXOeDWrT/3TpVcxpia
Попов Алексей Сергеевич;aпопов12;aпопов12@example.com;https://images.firma-gamma.ru/images/5/6/d36639273692l.jpg;4;$2a$10$eObqG4zk7CbKPPTv0daHm.bcpK6zwyFPpjAVXOeDWrT/3TpVcxpia
Новиков Алексей Сергеевич;aновиков12;aновиков12@example.com;https://images.firma-gamma.ru/images/5/6/d36639273692l.jpg;5;$2a$10$eObqG4zk7CbKPPTv0daHm.bcpK6zwyFPpjAVXOeDWrT/3TpVcxpia
Морозов Алексей Сергеевич;aморозов12;aморозов12@example.com;https://images.firma-gamma.ru/images/5/6/d36639273692l.jpg;6;$2a$10$eObqG4zk7CbKPPTv0daHm.bcpK6zwyFPpjAVXOeDWrT/3TpVcxpia
Павлов Алексей Сергеевич;aпавлов12;aпавлов12@example.com;https://images.firma-gamma.ru/images/5/6/d36639273692l.jpg;7;$2a$10$eObqG4zk7CbKPPTv0daHm.bcpK6zwyFPpjAVXOeDWrT/3TpVcxpia
Семенов Алексей Сергеевич;aсеменов12;aсеменов12@example.com;https://images.firma-gamma.ru/images/5/6/d36639273692l.jpg;8;$2a$10$eObqG4zk7CbKPPTv0daHm.bcpK6zwyFPpjAVXOeDWrT/3TpVcxpia
Голубев Алексей Сергеевич;aголубев12;aголубев12@example.com;https://images.firma-gamma.ru/images/5/6/d36639273692l.jpg;9;$2a$10$eObqG4zk7CbKPPTv0daHm.bcpK6zwyFPpjAVXOeDWrT/3TpVcxpia
Виноградов Алексей Сергеевич;aвиноградов12;aвиноградов12@example.com;https://images.firma-gamma.ru/images/5/6/d36639273692l.jpg;10;$2a$10$eObqG4zk7CbKPPTv0daHm.bcpK6zwyFPpjAVXOeDWrT/3TpVcxpia
Смирнов Алексей Сергеевич;aсмирнов13;aсмирнов13@example.com;https://images.firma-gamma.ru/images/5/6/d36639273692l.jpg;1;$2a$10$eObqG4zk7CbKPPTv0daHm.bcpK6zwyFPpjAVXOeDWrT/3TpVcxpia
Васильев Алексей Сергеевич;aвасильев13;aвасильев13@example.com;https://images.firma-gamma.ru/images/5/6/d36639273692l.jpg;2;$2a$10$eObqG4zk7CbKPPTv0daHm.bcpK6zwyFPpjAVXOeDWrT/3TpVcxpia
Козлов Алексей Сергеевич;aкозлов13;aкозлов13@example.com;https://images.firma-gamma.ru/images/5/6/d36639273692l.jpg;3;$2a$10$eObqG4zk7CbKPPTv0daHm.bcpK6zwyFPpjAVXOeDWrT/3TpVcxpia
Попов Алексей Сергеевич;aпопов13;aпопов13@example.com;https://images.firma-gamma.ru/images/5/6/d36639273692l.jpg;4;$2a$10$eObqG4zk7CbKPPTv0daHm.bcpK6zwyFPpjAVXOeDWrT/3TpVcxpia
Новиков Алексей Сергеевич;aновиков13;aновиков13@example.com;https://images.firma-gamma.ru/images/5/6/d36639273692l.jpg;5;$2a$10$eObqG4zk7CbKPPTv0daHm.bcpK6zwyFPpjAVXOeDWrT/3TpVcxpia
Морозов Алексей Сергеевич;aморозов13;aморозов13@example.com;https://images.firma-gamma.ru/images/5/6/d36639273692l.jpg;6;$2a$10$eObqG4zk7CbKPPTv0daHm.bcpK6zwyFPpjAVXOeDWrT/3TpVcxpia
Павлов Алексей Сергеевич;aпавлов13;aпавлов13@example.com;https://images.firma-gamma.ru/images/5/6/d36639273692l.jpg;7;$2a$10$eObqG4zk7CbKPPTv0daHm.bcpK6zwyFPpjAVXOeDWrT/3TpVcxpia
Семенов Алексей Сергеевич;aсеменов13;aсеменов13@example.com;https://images.firma-gamma.ru/images/5/6/d36639273692l.jpg;8;$2a$10$eObqG4zk7CbKPPTv0daHm.bcpK6zwyFPpjAVXOeDWrT/3TpVcxpia
Голубев Алексей Сергеевич;aголубев13;aголубев13@example.com;https://images.firma-gamma.ru/images/5/6/d36639273692l.jpg;9;$2a$10$eObqG4zk7CbKPPTv0daHm.bcpK6zwyFPpjAVXOeDWrT/3TpVcxpia
Виноградов Алексей Сергеевич;aвиноградов13;aвиноградов13@example.com;https://images.firma-gamma.ru/images/5/6/d36639273692l.jpg;10;$2a$10$eObqG4zk7CbKPPTv0daHm.bcpK6zwyFPpjAVXOeDWrT/3TpVcxpia
Смирнов Алексей Сергеевич;aсмирнов14;aсмирнов14@example.com;https://images.firma-gamma.ru/images/5/6/d36639273692l.jpg;1;$2a$10$eObqG4zk7CbKPPTv0daHm.bcpK6zwyFPpjAVXOeDWrT/3TpVcxpia
Васильев Алексей Сергеевич;aвасильев14;aвасильев14@example.com;https://images.firma-gamma.ru/images/5/6/d36639273692l.jpg;2;$2a$10$eObqG4zk7CbKPPTv0daHm.bcpK6zwyFPpjAVXOeDWrT/3TpVcxpia
Козлов Алексей Сергеевич;aкозлов14;aкозлов14@example.com;https://images.firma-gamma.ru/images/5/6/d36639273692l.jpg;3;$2a$10$eObqG4zk7CbKPPTv0daHm.bcpK6zwyFPpjAVXOeDWrT/3TpVcxpia
Попов Алексей Сергеевич;aпопов14;aпопов14@example.com;https://images.firma-gamma.ru/images/5/6/d36639273692l.jpg;4;$2a$10$eObqG4zk7CbKPPTv0daHm.bcpK6zwyFPpjAVXOeDWrT/3TpVcxpia
Новиков Алексей Сергеевич;aновиков14;aновиков14@example.com;https://images.firma-gamma.ru/images/5/6/d36639273692l.jpg;5;$2a$10$eObqG4zk7CbKPPTv0daHm.bcpK6zwyFPpjAVXOeDWrT/3TpVcxpia
Морозов Алексей Сергеевич;aморозов14;aморозов14@example.com;https://images.firma-gamma.ru/images/5/6/d36639273692l.jpg;6;$2a$10$eObqG4zk7CbKPPTv0daHm.bcpK6zwyFPpjAVXOeDWrT/3TpVcxpia
Павлов Алексей Сергеевич;aпавлов14;aпавлов14@example.com;https://images.firma-gamma.ru/images/5/6/d36639273692l.jpg;7;$2a$10$eObqG4zk7CbKPPTv0daHm.bcpK6zwyFPpjAVXOeDWrT/3TpVcxpia
Семенов Алексей Сергеевич;aсеменов14;aсеменов14@example.com;https://images.firma-gamma.ru/images/5/6/d36639273692l.jpg;8;$2a$10$eObqG4zk7CbKPPTv0daHm.bcpK6zwyFPpjAVXOeDWrT/3TpVcxpia
Голубев Алексей Сергеевич;aголубев14;aголубев14@example.com;https://images.firma-gamma.ru/images/5/6/d36639273692l.jpg;9;$2a$10$eObqG4zk7CbKPPTv0daHm.bcpK6zwyFPpjAVXOeDWrT/3TpVcxpia
Виноградов Алексей Сергеевич;aвиноградов14;aвиноградов14@example.com;https://images.firma-gamma.ru/images/5/6/d36639273692l.jpg;10;$2a$10$eObqG4zk7CbKPPTv0daHm.bcpK6zwyFPpjAVXOeDWrT/3TpVcxpia
Смирнов Алексей Сергеевич;aсмирнов15;aсмирнов15@example.com;https://images.firma-gamma.ru/images/5/6/d36639273692l.jpg;1;$2a$10$eObqG4zk7CbKPPTv0daHm.bcpK6zwyFPpjAVXOeDWrT/3TpVcxpia
Васильев Алексей Сергеевич;aвасильев15;aвасильев15@example.com;https://images.firma-gamma.ru/images/5/6/d36639273692l.jpg;2;$2a$10$eObqG4zk7CbKPPTv0daHm.bcpK6zwyFPpjAVXOeDWrT/3TpVcxpia
Козлов Алексей Сергеевич;aкозлов15;aкозлов15@example.com;https://images.firma-gamma.ru/images/5/6/d36639273692l.jpg;3;$2a$10$eObqG4zk7CbKPPTv0daHm.bcpK6zwyFPpjAVXOeDWrT/3TpVcxpia
Попов Алексей Сергеевич;aпопов15;aпопов15@example.com;https://images.firma-gamma.ru/images/5/6/d36639273692l.jpg;4;$2a$10$eObqG4zk7CbKPPTv0daHm.bcpK6zwyFPpjAVXOeDWrT/3TpVcxpia
Новиков Алексей Сергеевич;aновиков15;aновиков15@example.com;https://images.firma-gamma.ru/images/5/6/d36639273692l.jpg;5;$2a$10$eObqG4zk7CbKPPTv0daHm.bcpK6zwyFPpjAVXOeDWrT/3TpVcxpia
Морозов Алексей Сергеевич;aморозов15;aморозов15@example.com;https://images.firma-gamma.ru/images/5/6/d36639273692l.jpg;6;$2a$10$eObqG4zk7CbKPPTv0daHm.bcpK6zwyFPpjAVXOeDWrT/3TpVcxpia
Павлов Алексей Сергеевич;aпавлов15;aпавлов15@example.com;https://images.firma-gamma.ru/images/5/6/d36639273692l.jpg;7;$2a$10$eObqG4zk7CbKPPTv0daHm.bcpK6zwyFPpjAVXOeDWrT/3TpVcxpia
Семенов Алексей Сергеевич;aсеменов15;aсеменов15@example.com;https://images.firma-gamma.ru/images/5/6/d36639273692l.jpg;8;$2a$10$eObqG4zk7CbKPPTv0daHm.bcpK6zwyFPpjAVXOeDWrT/3TpVcxpia
Голубев Алексей Сергеевич;aголубев15;aголубев15@example.com;https://images.firma-gamma.ru/images/5/6/d36639273692l.jpg;9;$2a$10$eObqG4zk7CbKPPTv0daHm.bcpK6zwyFPpjAVXOeDWrT/3TpVcxpia
Виноградов Алексей Сергеевич;aвиноградов15;aвиноградов15@example.com;https://images.firma-gamma.ru/images/5/6/d36639273692l.jpg;10;$2a$10$eObqG4zk7CbKPPTv0daHm.bcpK6zwyFPpjAVXOeDWrT/3TpVcxpia
Смирнов Алексей Сергеевич;aсмирнов16;aсмирнов16@example.com;https://images.firma-gamma.ru/images/5/6/d36639273692l.jpg;1;$2a$10$eObqG4zk7CbKPPTv0daHm.bcpK6zwyFPpjAVXOeDWrT/3TpVcxpia
Васильев Алексей Сергеевич;aвасильев16;aвасильев16@example.com;https://images.firma-gamma.ru/images/5/6/d36639273692l.jpg;2;$2a$10$eObqG4zk7CbKPPTv0daHm.bcpK6zwyFPpjAVXOeDWrT/3TpVcxpia
Козлов Алексей Сергеевич;aкозлов16;aкозлов16@example.com;https://images.firma-gamma.ru/images/5/6/d36639273692l.jpg;3;$2a$10$eObqG4zk7CbKPPTv0daHm.bcpK6zwyFPpjAVXOeDWrT/3TpVcxpia
Попов Алексей Сергеевич;aпопов16;aпопов16@example.com;https://images.firma-gamma.ru/images/5/6/d36639273692l.jpg;4;$2a$10$eObqG4zk7CbKPPTv0daHm.bcpK6zwyFPpjAVXOeDWrT/3TpVcxpia
Новиков Алексей Сергеевич;aновиков16;aновиков16@example.com;https://images.firma-gamma.ru/images/5/6/d36639273692l.jpg;5;$2a$10$eObqG4zk7CbKPPTv0daHm.bcpK6zwyFPpjAVXOeDWrT/3TpVcxpia
Морозов Алексей Сергеевич;aморозов16;aморозов16@example.com;https://images.firma-gamma.ru/images/5/6/d36639273692l.jpg;6;$2a$10$eObqG4zk7CbKPPTv0daHm.bcpK6zwyFPpjAVXOeDWrT/3TpVcxpia
Павлов Алексей Сергеевич;aпавлов16;aпавлов16@example.com;https://images.firma-gamma.ru/images/5/6/d36639273692l.jpg;7;$2a$10$eObqG4zk7CbKPPTv0daHm.bcpK6zwyFPpjAVXOeDWrT/3TpVcxpia
Семенов Алексей Сергеевич;aсеменов16;aсеменов16@example.com;https://images.firma-gamma.ru/images/5/6/d36639273692l.jpg;8;$2a$10$eObqG4zk7CbKPPTv0daHm.bcpK6zwyFPpjAVXOeDWrT/3TpVcxpia
Голубев Алексей Сергеевич;aголубев16;aголубев16@example.com;https://images.firma-gamma.ru/images/5/6/d36639273692l.jpg;9;$2a$10$eObqG4zk7CbKPPTv0daHm.bcpK6zwyFPpjAVXOeDWrT/3TpVcxpia
Виноградов Алексей Сергеевич;aвиноградов16;aвиноградов16@example.com;https://images.firma-gamma.ru/images/5/6/d36639273692l.jpg;10;$2a$10$eObqG4zk7CbKPPTv0daHm.bcpK6zwyFPpjAVXOeDWrT/3TpVcxpia
Смирнов Алексей Сергеевич;aсмирнов17;aсмирнов17@example.com;https://images.firma-gamma.ru/images/5/6/d36639273692l.jpg;1;$2a$10$eObqG4zk7CbKPPTv0daHm.bcpK6zwyFPpjAVXOeDWrT/3TpVcxpia
Васильев Алексей Сергеевич;aвасильев17;aвасильев17@example.com;https://images.firma-gamma.ru/images/5/6/d36639273692l.jpg;2;$2a$10$eObqG4zk7CbKPPTv0daHm.bcpK6zwyFPpjAVXOeDWrT/3TpVcxpia
Козлов Алексей Сергеевич;aкозлов17;aкозлов17@example.com;https://images.firma-gamma.ru/images/5/6/d36639273692l.jpg;3;$2a$10$eObqG4zk7CbKPPTv0daHm.bcpK6zwyFPpjAVXOeDWrT/3TpVcxpia
Попов Алексей Сергеевич;aпопов17;aпопов17@example.com;https://images.firma-gamma.ru/images/5/6/d36639273692l.jpg;4;$2a$10$eObqG4zk7CbKPPTv0daHm.bcpK6zwyFPpjAVXOeDWrT/3TpVcxpia
Новиков Алексей Сергеевич;aновиков17;aновиков17@example.com;https://images.firma-gamma.ru/images/5/6/d36639273692l.jpg;5;$2a$10$eObqG4zk7CbKPPTv0daHm.bcpK6zwyFPpjAVXOeDWrT/3TpVcxpia
Морозов Алексей Сергеевич;aморозов17;aморозов17@example.com;https://images.firma-gamma.ru/images/5/6/d36639273692l.jpg;6;$2a$10$eObqG4zk7CbKPPTv0daHm.bcpK6zwyFPpjAVXOeDWrT/3TpVcxpia
Павлов Алексей Сергеевич;aпавлов17;aпавлов17@example.com;https://images.firma-gamma.ru/images/5/6/d36639273692l.jpg;7;$2a$10$eObqG4zk7CbKPPTv0daHm.bcpK6zwyFPpjAVXOeDWrT/3TpVcxpia
Семенов Алексей Сергеевич;aсеменов17;aсеменов17@example.com;https://images.firma-gamma.ru/images/5/6/d36639273692l.jpg;8;$2a$10$eObqG4zk7CbKPPTv0daHm.bcpK6zwyFPpjAVXOeDWrT/3TpVcxpia
Голубев Алексей Сергеевич;aголубев17;aголубев17@example.com;https://images.firma-gamma.ru/images/5/6/d36639273692l.jpg;9;$2a$10$eObqG4zk7CbKPPTv0daHm.bcpK6zwyFPpjAVXOeDWrT/3TpVcxpia
Виноградов Алексей Сергеевич;aвиноградов17;aвиноградов17@example.com;https://images.firma-gamma.ru/images/5/6/d36639273692l.jpg;10;$2a$10$eObqG4zk7CbKPPTv0daHm.bcpK6zwyFPpjAVXOeDWrT/3TpVcxpia
Смирнов Алексей Сергеевич;aсмирнов18;aсмирнов18@example.com;https://images.firma-gamma.ru/images/5/6/d36639273692l.jpg;1;$2a$10$eObqG4zk7CbKPPTv0daHm.bcpK6zwyFPpjAVXOeDWrT/3TpVcxpia
Васильев Алексей Сергеевич;aвасильев18;aвасильев18@example.com;https://images.firma-gamma.ru/images/5/6/d36639273692l.jpg;2;$2a$10$eObqG4zk7CbKPPTv0daHm.bcpK6zwyFPpjAVXOeDWrT/3TpVcxpia
Козлов Алексей Сергеевич;aкозлов18;aкозлов18@example.com;https://images.firma-gamma.ru/images/5/6/d36639273692l.jpg;3;$2a$10$eObqG4zk7CbKPPTv0daHm.bcpK6zwyFPpjAVXOeDWrT/3TpVcxpia
Попов Алексей Сергеевич;aпопов18;aпопов18@example.com;https://images.firma-gamma.ru/images/5/6/d36639273692l.jpg;4;$2a$10$eObqG4zk7CbKPPTv0daHm.bcpK6zwyFPpjAVXOeDWrT/3TpVcxpia
Новиков Алексей Сергеевич;aновиков18;aновиков18@example.com;https://images.firma-gamma.ru/images/5/6/d36639273692l.jpg;5;$2a$10$eObqG4zk7CbKPPTv0daHm.bcpK6zwyFPpjAVXOeDWrT/3TpVcxpia
Морозов Алексей Сергеевич;aморозов18;aморозов18@example.com;https://images.firma-gamma.ru/images/5/6/d36639273692l.jpg;6;$2a$10$eObqG4zk7CbKPPTv0daHm.bcpK6zwyFPpjAVXOeDWrT/3TpVcxpia
Павлов Алексей Сергеевич;aпавлов18;aпавлов18@example.com;https://images.firma-gamma.ru/images/5/6/d36639273692l.jpg;7;$2a$10$eObqG4zk7CbKPPTv0daHm.bcpK6zwyFPpjAVXOeDWrT/3TpVcxpia
Семенов Алексей Сергеевич;aсеменов18;aсеменов18@example.com;https://images.firma-gamma.ru/images/5/6/d36639273692l.jpg;8;$2a$10$eObqG4zk7CbKPPTv0daHm.bcpK6zwyFPpjAVXOeDWrT/3TpVcxpia
Голубев Алексей Сергеевич;aголубев18;aголубев18@example.com;https://images.firma-gamma.ru/images/5/6/d36639273692l.jpg;9;$2a$10$eObqG4zk7CbKPPTv0daHm.bcpK6zwyFPpjAVXOeDWrT/3TpVcxpia
Виноградов Алексей Сергеевич;aвиноградов18;aвиноградов18@example.com;https://images.firma-gamma.ru/images/5/6/d36639273692l.jpg;10;$2a$10$eObqG4zk7CbKPPTv0daHm.bcpK6zwyFPpjAVXOeDWrT/3TpVcxpia
Смирнов Алексей Сергеевич;aсмирнов19;aсмирнов19@example.com;https://images.firma-gamma.ru/images/5/6/d36639273692l.jpg;1;$2a$10$eObqG4zk7CbKPPTv0daHm.bcpK6zwyFPpjAVXOeDWrT/3TpVcxpia
Васильев Алексей Сергеевич;aвасильев19;aвасильев19@example.com;https://images.firma-gamma.ru/images/5/6/d36639273692l.jpg;2;$2a$10$eObqG4zk7CbKPPTv0daHm.bcpK6zwyFPpjAVXOeDWrT/3TpVcxpia
Козлов Алексей Сергеевич;aкозлов19;aкозлов19@example.com;https://images.firma-gamma.ru/images/5/6/d36639273692l.jpg;3;$2a$10$eObqG4zk7CbKPPTv0daHm.bcpK6zwyFPpjAVXOeDWrT/3TpVcxpia
Попов Алексей Сергеевич;aпопов19;aпопов19@example.com;https://images.firma-gamma.ru/images/5/6/d36639273692l.jpg;4;$2a$10$eObqG4zk7CbKPPTv0daHm.bcpK6zwyFPpjAVXOeDWrT/3TpVcxpia
Новиков Алексей Сергеевич;aновиков19;aновиков19@example.com;https://images.firma-gamma.ru/images/5/6/d36639273692l.jpg;5;$2a$10$eObqG4zk7CbKPPTv0daHm.bcpK6zwyFPpjAVXOeDWrT/3TpVcxpia
Морозов Алексей Сергеевич;aморозов19;aморозов19@example.com;https://images.firma-gamma.ru/images/5/6/d36639273692l.jpg;6;$2a$10$eObqG4zk7CbKPPTv0daHm.bcpK6zwyFPpjAVXOeDWrT/3TpVcxpia
Павлов Алексей Сергеевич;aпавлов19;aпавлов19@example.com;https://images.firma-gamma.ru/images/5/6/d36639273692l.jpg;7;$2a$10$eObqG4zk7CbKPPTv0daHm.bcpK6zwyFPpjAVXOeDWrT/3TpVcxpia
Семенов Алексей Сергеевич;aсеменов19;aсеменов19@example.com;https://images.firma-gamma.ru/images/5/6/d36639273692l.jpg;8;$2a$10$eObqG4zk7CbKPPTv0daHm.bcpK6zwyFPpjAVXOeDWrT/3TpVcxpia
Голубев Алексей Сергеевич;aголубев19;aголубев19@example.com;https://images.firma-gamma.ru/images/5/6/d36639273692l.jpg;9;$2a$10$eObqG4zk7CbKPPTv0daHm.bcpK6zwyFPpjAVXOeDWrT/3TpVcxpia
Виноградов Алексей Сергеевич;aвиноградов19;aвиноградов19@example.com;https://images.firma-gamma.ru/images/5/6/d36639273692l.jpg;10;$2a$10$eObqG4zk7CbKPPTv0daHm.bcpK6zwyFPpjAVXOeDWrT/3TpVcxpia
Смирнов Алексей Сергеевич;aсмирнов20;aсмирнов20@example.com;https://images.firma-gamma.ru/images/5/6/d36639273692l.jpg;1;$2a$10$eObqG4zk7CbKPPTv0daHm.bcpK6zwyFPpjAVXOeDWrT/3TpVcxpia
Васильев Алексей Сергеевич;aвасильев20;aвасильев20@example.com;https://images.firma-gamma.ru/images/5/6/d36639273692l.jpg;2;$2a$10$eObqG4zk7CbKPPTv0daHm.bcpK6zwyFPpjAVXOeDWrT/3TpVcxpia
Козлов Алексей Сергеевич;aкозлов20;aкозлов20@example.com;https://images.firma-gamma.ru/images/5/6/d36639273692l.jpg;3;$2a$10$eObqG4zk7CbKPPTv0daHm.bcpK6zwyFPpjAVXOeDWrT/3TpVcxpia
Попов Алексей Сергеевич;aпопов20;aпопов20@example.com;https://images.firma-gamma.ru/images/5/6/d36639273692l.jpg;4;$2a$10$eObqG4zk7CbKPPTv0daHm.bcpK6zwyFPpjAVXOeDWrT/3TpVcxpia
Новиков Алексей Сергеевич;aновиков20;aновиков20@example.com;https://images.firma-gamma.ru/images/5/6/d36639273692l.jpg;5;$2a$10$eObqG4zk7CbKPPTv0daHm.bcpK6zwyFPpjAVXOeDWrT/3TpVcxpia
Морозов Алексей Сергеевич;aморозов20;aморозов20@example.com;https://images.firma-gamma.ru/images/5/6/d36639273692l.jpg;6;$2a$10$eObqG4zk7CbKPPTv0daHm.bcpK6zwyFPpjAVXOeDWrT/3TpVcxpia
Павлов Алексей Сергеевич;aпавлов20;aпавлов20@example.com;https://images.firma-gamma.ru/images/5/6/d36639273692l.jpg;7;$2a$10$eObqG4zk7CbKPPTv0daHm.bcpK6zwyFPpjAVXOeDWrT/3TpVcxpia
Семенов Алексей Сергеевич;aсеменов20;aсеменов20@example.com;https://images.firma-gamma.ru/images/5/6/d36639273692l.jpg;8;$2a$10$eObqG4zk7CbKPPTv0daHm.bcpK6zwyFPpjAVXOeDWrT/3TpVcxpia
Голубев Алексей Сергеевич;aголубев20;aголубев20@example.com;https://images.firma-gamma.ru/images/5/6/d36639273692l.jpg;9;$2a$10$eObqG4zk7CbKPPTv0daHm.bcpK6zwyFPpjAVXOeDWrT/3TpVcxpia
Виноградов Алексей Сергеевич;aвиноградов20;aвиноградов20@example.com;https://images.firma-gamma.ru/images/5/6/d36639273692l.jpg;10;$2a$10$eObqG4zk7CbKPPTv0daHm.bcpK6zwyFPpjAVXOeDWrT/3TpVcxpia
Смирнов Алексей Сергеевич;aсмирнов21;aсмирнов21@example.com;https://images.firma-gamma.ru/images/5/6/d36639273692l.jpg;1;$2a$10$eObqG4zk7CbKPPTv0daHm.bcpK6zwyFPpjAVXOeDWrT/3TpVcxpia
Васильев Алексей Сергеевич;aвасильев21;aвасильев21@example.com;https://images.firma-gamma.ru/images/5/6/d36639273692l.jpg;2;$2a$10$eObqG4zk7CbKPPTv0daHm.bcpK6zwyFPpjAVXOeDWrT/3TpVcxpia
Козлов Алексей Сергеевич;aкозлов21;aкозлов21@example.com;https://images.firma-gamma.ru/images/5/6/d36639273692l.jpg;3;$2a$10$eObqG4zk7CbKPPTv0daHm.bcpK6zwyFPpjAVXOeDWrT/3TpVcxpia
Попов Алексей Сергеевич;aпопов21;aпопов21@example.com;https://images.firma-gamma.ru/images/5/6/d36639273692l.jpg;4;$2a$10$eObqG4zk7CbKPPTv0daHm.bcpK6zwyFPpjAVXOeDWrT/3TpVcxpia
Новиков Алексей Сергеевич;aновиков21;aновиков21@example.com;https://images.firma-gamma.ru/images/5/6/d36639273692l.jpg;5;$2a$10$eObqG4zk7CbKPPTv0daHm.bcpK6zwyFPpjAVXOeDWrT/3TpVcxpia
Морозов Алексей Сергеевич;aморозов21;aморозов21@example.com;https://images.firma-gamma.ru/images/5/6/d36639273692l.jpg;6;$2a$10$eObqG4zk7CbKPPTv0daHm.bcpK6zwyFPpjAVXOeDWrT/3TpVcxpia
Павлов Алексей Сергеевич;aпавлов21;aпавлов21@example.com;https://images.firma-gamma.ru/images/5/6/d36639273692l.jpg;7;$2a$10$eObqG4zk7CbKPPTv0daHm.bcpK6zwyFPpjAVXOeDWrT/3TpVcxpia
Семенов Алексей Сергеевич;aсеменов21;aсеменов21@example.com;https://images.firma-gamma.ru/images/5/6/d36639273692l.jpg;8;$2a$10$eObqG4zk7CbKPPTv0daHm.bcpK6zwyFPpjAVXOeDWrT/3TpVcxpia
Голубев Алексей Сергеевич;aголубев21;aголубев21@example.com;https://images.firma-gamma.ru/images/5/6/d36639273692l.jpg;9;$2a$10$eObqG4zk7CbKPPTv0daHm.bcpK6zwyFPpjAVXOeDWrT/3TpVcxpia
Виноградов Алексей Сергеевич;aвиноградов21;aвиноградов21@example.com;https://images.firma-gamma.ru/images/5/6/d36639273692l.jpg;10;$2a$10$eObqG4zk7CbKPPTv0daHm.bcpK6zwyFPpjAVXOeDWrT/3TpVcxpia
Смирнов Алексей Сергеевич;aсмирнов22;aсмирнов22@example.com;https://images.firma-gamma.ru/images/5/6/d36639273692l.jpg;1;$2a$10$eObqG4zk7CbKPPTv0daHm.bcpK6zwyFPpjAVXOeDWrT/3TpVcxpia
Васильев Алексей Сергеевич;aвасильев22;aвасильев22@example.com;https://images.firma-gamma.ru/images/5/6/d36639273692l.jpg;2;$2a$10$eObqG4zk7CbKPPTv0daHm.bcpK6zwyFPpjAVXOeDWrT/3TpVcxpia
Козлов Алексей Сергеевич;aкозлов22;aкозлов22@example.com;https://images.firma-gamma.ru/images/5/6/d36639273692l.jpg;3;$2a$10$eObqG4zk7CbKPPTv0daHm.bcpK6zwyFPpjAVXOeDWrT/3TpVcxpia
Попов Алексей Сергеевич;aпопов22;aпопов22@example.com;https://images.firma-gamma.ru/images/5/6/d36639273692l.jpg;4;$2a$10$eObqG4zk7CbKPPTv0daHm.bcpK6zwyFPpjAVXOeDWrT/3TpVcxpia
Новиков Алексей Сергеевич;aновиков22;aновиков22@example.com;https://images.firma-gamma.ru/images/5/6/d36639273692l.jpg;5;$2a$10$eObqG4zk7CbKPPTv0daHm.bcpK6zwyFPpjAVXOeDWrT/3TpVcxpia
Морозов Алексей Сергеевич;aморозов22;aморозов22@example.com;https://images.firma-gamma.ru/images/5/6/d36639273692l.jpg;6;$2a$10$eObqG4zk7CbKPPTv0daHm.bcpK6zwyFPpjAVXOeDWrT/3TpVcxpia
Павлов Алексей Сергеевич;aпавлов22;aпавлов22@example.com;https://images.firma-gamma.ru/images/5/6/d36639273692l.jpg;7;$2a$10$eObqG4zk7CbKPPTv0daHm.bcpK6zwyFPpjAVXOeDWrT/3TpVcxpia
Семенов Алексей Сергеевич;aсеменов22;aсеменов22@example.com;https://images.firma-gamma.ru/images/5/6/d36639273692l.jpg;8;$2a$10$eObqG4zk7CbKPPTv0daHm.bcpK6zwyFPpjAVXOeDWrT/3TpVcxpia
Голубев Алексей Сергеевич;aголубев22;aголубев22@example.com;https://images.firma-gamma.ru/images/5/6/d36639273692l.jpg;9;$2a$10$eObqG4zk7CbKPPTv0daHm.bcpK6zwyFPpjAVXOeDWrT/3TpVcxpia
Виноградов Алексей Сергеевич;aвиноградов22;aвиноградов22@example.com;https://images.firma-gamma.ru/images/5/6/d36639273692l.jpg;10;$2a$10$eObqG4zk7CbKPPTv0daHm.bcpK6zwyFPpjAVXOeDWrT/3TpVcxpia
Смирнов Алексей Сергеевич;aсмирнов23;aсмирнов23@example.com;https://images.firma-gamma.ru/images/5/6/d36639273692l.jpg;1;$2a$10$eObqG4zk7CbKPPTv0daHm.bcpK6zwyFPpjAVXOeDWrT/3TpVcxpia
Васильев Алексей Сергеевич;aвасильев23;aвасильев23@example.com;https://images.firma-gamma.ru/images/5/6/d36639273692l.jpg;2;$2a$10$eObqG4zk7CbKPPTv0daHm.bcpK6zwyFPpjAVXOeDWrT/3TpVcxpia
Козлов Алексей Сергеевич;aкозлов23;aкозлов23@example.com;https://images.firma-gamma.ru/images/5/6/d36639273692l.jpg;3;$2a$10$eObqG4zk7CbKPPTv0daHm.bcpK6zwyFPpjAVXOeDWrT/3TpVcxpia
Попов Алексей Сергеевич;aпопов23;aпопов23@example.com;https://images.firma-gamma.ru/images/5/6/d36639273692l.jpg;4;$2a$10$eObqG4zk7CbKPPTv0daHm.bcpK6zwyFPpjAVXOeDWrT/3TpVcxpia
Новиков Алексей Сергеевич;aновиков23;aновиков23@example.com;https://images.firma-gamma.ru/images/5/6/d36639273692l.jpg;5;$2a$10$eObqG4zk7CbKPPTv0daHm.bcpK6zwyFPpjAVXOeDWrT/3TpVcxpia
Морозов Алексей Сергеевич;aморозов23;aморозов23@example.com;https://images.firma-gamma.ru/images/5/6/d36639273692l.jpg;6;$2a$10$eObqG4zk7CbKPPTv0daHm.bcpK6zwyFPpjAVXOeDWrT/3TpVcxpia
Павлов Алексей Сергеевич;aпавлов23;aпавлов23@example.com;https://images.firma-gamma.ru/images/5/6/d36639273692l.jpg;7;$2a$10$eObqG4zk7CbKPPTv0daHm.bcpK6zwyFPpjAVXOeDWrT/3TpVcxpia
Семенов Алексей Сергеевич;aсеменов23;aсеменов23@example.com;https://images.firma-gamma.ru/images/5/6/d36639273692l.jpg;8;$2a$10$eObqG4zk7CbKPPTv0daHm.bcpK6zwyFPpjAVXOeDWrT/3TpVcxpia
Голубев Алексей Сергеевич;aголубев23;aголубев23@example.com;https://images.firma-gamma.ru/images/5/6/d36639273692l.jpg;9;$2a$10$eObqG4zk7CbKPPTv0daHm.bcpK6zwyFPpjAVXOeDWrT/3TpVcxpia
Виноградов Алексей Сергеевич;aвиноградов23;aвиноградов23@example.com;https://images.firma-gamma.ru/images/5/6/d36639273692l.jpg;10;$2a$10$eObqG4zk7CbKPPTv0daHm.bcpK6zwyFPpjAVXOeDWrT/3TpVcxpia
Смирнов Алексей Сергеевич;aсмирнов24;aсмирнов24@example.com;https://images.firma-gamma.ru/images/5/6/d36639273692l.jpg;1;$2a$10$eObqG4zk7CbKPPTv0daHm.bcpK6zwyFPpjAVXOeDWrT/3TpVcxpia
Васильев Алексей Сергеевич;aвасильев24;aвасильев24@example.com;https://images.firma-gamma.ru/images/5/6/d36639273692l.jpg;2;$2a$10$eObqG4zk7CbKPPTv0daHm.bcpK6zwyFPpjAVXOeDWrT/3TpVcxpia
Козлов Алексей Сергеевич;aкозлов24;aкозлов24@example.com;https://images.firma-gamma.ru/images/5/6/d36639273692l.jpg;3;$2a$10$eObqG4zk7CbKPPTv0daHm.bcpK6zwyFPpjAVXOeDWrT/3TpVcxpia
Попов Алексей Сергеевич;aпопов24;aпопов24@example.com;https://images.firma-gamma.ru/images/5/6/d36639273692l.jpg;4;$2a$10$eObqG4zk7CbKPPTv0daHm.bcpK6zwyFPpjAVXOeDWrT/3TpVcxpia
Новиков Алексей Сергеевич;aновиков24;aновиков24@example.com;https://images.firma-gamma.ru/images/5/6/d36639273692l.jpg;5;$2a$10$eObqG4zk7CbKPPTv0daHm.bcpK6zwyFPpjAVXOeDWrT/3TpVcxpia
Морозов Алексей Сергеевич;aморозов24;aморозов24@example.com;https://images.firma-gamma.ru/images/5/6/d36639273692l.jpg;6;$2a$10$eObqG4zk7CbKPPTv0daHm.bcpK6zwyFPpjAVXOeDWrT/3TpVcxpia
Павлов Алексей Сергеевич;aпавлов24;aпавлов24@example.com;https://images.firma-gamma.ru/images/5/6/d36639273692l.jpg;7;$2a$10$eObqG4zk7CbKPPTv0daHm.bcpK6zwyFPpjAVXOeDWrT/3TpVcxpia
Семенов Алексей Сергеевич;aсеменов24;aсеменов24@example.com;https://images.firma-gamma.ru/images/5/6/d36639273692l.jpg;8;$2a$10$eObqG4zk7CbKPPTv0daHm.bcpK6zwyFPpjAVXOeDWrT/3TpVcxpia
Голубев Алексей Сергеевич;aголубев24;aголубев24@example.com;https://images.firma-gamma.ru/images/5/6/d36639273692l.jpg;9;$2a$10$eObqG4zk7CbKPPTv0daHm.bcpK6zwyFPpjAVXOeDWrT/3TpVcxpia
Виноградов Алексей Сергеевич;aвиноградов24;aвиноградов24@example.com;https://images.firma-gamma.ru/images/5/6/d36639273692l.jpg;10;$2a$10$eObqG4zk7CbKPPTv0daHm.bcpK6zwyFPpjAVXOeDWrT/3TpVcxpia
Смирнов Алексей Сергеевич;aсмирнов25;aсмирнов25@example.com;https://images.firma-gamma.ru/images/5/6/d36639273692l.jpg;1;$2a$10$eObqG4zk7CbKPPTv0daHm.bcpK6zwyFPpjAVXOeDWrT/3TpVcxpia
Васильев Алексей Сергеевич;aвасильев25;aвасильев25@example.com;https://images.firma-gamma.ru/images/5/6/d36639273692l.jpg;2;$2a$10$eObqG4zk7CbKPPTv0daHm.bcpK6zwyFPpjAVXOeDWrT/3TpVcxpia
Козлов Алексей Сергеевич;aкозлов25;aкозлов25@example.com;https://images.firma-gamma.ru/images/5/6/d36639273692l.jpg;3;$2a$10$eObqG4zk7CbKPPTv0daHm.bcpK6zwyFPpjAVXOeDWrT/3TpVcxpia
Попов Алексей Сергеевич;aпопов25;aпопов25@example.com;https://images.firma-gamma.ru/images/5/6/d36639273692l.jpg;4;$2a$10$eObqG4zk7CbKPPTv0daHm.bcpK6zwyFPpjAVXOeDWrT/3TpVcxpia
Новиков Алексей Сергеевич;aновиков25;aновиков25@example.com;https://images.firma-gamma.ru/images/5/6/d36639273692l.jpg;5;$2a$10$eObqG4zk7CbKPPTv0daHm.bcpK6zwyFPpjAVXOeDWrT/3TpVcxpia
Морозов Алексей Сергеевич;aморозов25;aморозов25@example.com;https://images.firma-gamma.ru/images/5/6/d36639273692l.jpg;6;$2a$10$eObqG4zk7CbKPPTv0daHm.bcpK6zwyFPpjAVXOeDWrT/3TpVcxpia
Павлов Алексей Сергеевич;aпавлов25;aпавлов25@example.com;https://images.firma-gamma.ru/images/5/6/d36639273692l.jpg;7;$2a$10$eObqG4zk7CbKPPTv0daHm.bcpK6zwyFPpjAVXOeDWrT/3TpVcxpia
Семенов Алексей Сергеевич;aсеменов25;aсеменов25@example.com;https://images.firma-gamma.ru/images/5/6/d36639273692l.jpg;8;$2a$10$eObqG4zk7CbKPPTv0daHm.bcpK6zwyFPpjAVXOeDWrT/3TpVcxpia
Голубев Алексей Сергеевич;aголубев25;aголубев25@example.com;https://images.firma-gamma.ru/images/5/6/d36639273692l.jpg;9;$2a$10$eObqG4zk7CbKPPTv0daHm.bcpK6zwyFPpjAVXOeDWrT/3TpVcxpia
Виноградов Алексей Сергеевич;aвиноградов25;aвиноградов25@example.com;https://images.firma-gamma.ru/images/5/6/d36639273692l.jpg;10;$2a$10$eObqG4zk7CbKPPTv0daHm.bcpK6zwyFPpjAVXOeDWrT/3TpVcxpia
Смирнов Алексей Сергеевич;aсмирнов26;aсмирнов26@example.com;https://images.firma-gamma.ru/images/5/6/d36639273692l.jpg;1;$2a$10$eObqG4zk7CbKPPTv0daHm.bcpK6zwyFPpjAVXOeDWrT/3TpVcxpia
Васильев Алексей Сергеевич;aвасильев26;aвасильев26@example.com;https://images.firma-gamma.ru/images/5/6/d36639273692l.jpg;2;$2a$10$eObqG4zk7CbKPPTv0daHm.bcpK6zwyFPpjAVXOeDWrT/3TpVcxpia
Козлов Алексей Сергеевич;aкозлов26;aкозлов26@example.com;https://images.firma-gamma.ru/images/5/6/d36639273692l.jpg;3;$2a$10$eObqG4zk7CbKPPTv0daHm.bcpK6zwyFPpjAVXOeDWrT/3TpVcxpia
Попов Алексей Сергеевич;aпопов26;aпопов26@example.com;https://images.firma-gamma.ru/images/5/6/d36639273692l.jpg;4;$2a$10$eObqG4zk7CbKPPTv0daHm.bcpK6zwyFPpjAVXOeDWrT/3TpVcxpia
Новиков Алексей Сергеевич;aновиков26;aновиков26@example.com;https://images.firma-gamma.ru/images/5/6/d36639273692l.jpg;5;$2a$10$eObqG4zk7CbKPPTv0daHm.bcpK6zwyFPpjAVXOeDWrT/3TpVcxpia
Морозов Алексей Сергеевич;aморозов26;aморозов26@example.com;https://images.firma-gamma.ru/images/5/6/d36639273692l.jpg;6;$2a$10$eObqG4zk7CbKPPTv0daHm.bcpK6zwyFPpjAVXOeDWrT/3TpVcxpia
Павлов Алексей Сергеевич;aпавлов26;aпавлов26@example.com;https://images.firma-gamma.ru/images/5/6/d36639273692l.jpg;7;$2a$10$eObqG4zk7CbKPPTv0daHm.bcpK6zwyFPpjAVXOeDWrT/3TpVcxpia
Семенов Алексей Сергеевич;aсеменов26;aсеменов26@example.com;https://images.firma-gamma.ru/images/5/6/d36639273692l.jpg;8;$2a$10$eObqG4zk7CbKPPTv0daHm.bcpK6zwyFPpjAVXOeDWrT/3TpVcxpia
Голубев Алексей Сергеевич;aголубев26;aголубев26@example.com;https://images.firma-gamma.ru/images/5/6/d36639273692l.jpg;9;$2a$10$eObqG4zk7CbKPPTv0daHm.bcpK6zwyFPpjAVXOeDWrT/3TpVcxpia
Виноградов Алексей Сергеевич;aвиноградов26;aвиноградов26@example.com;https://images.firma-gamma.ru/images/5/6/d36639273692l.jpg;10;$2a$10$eObqG4zk7CbKPPTv0daHm.bcpK6zwyFPpjAVXOeDWrT/3TpVcxpia
Смирнов Алексей Сергеевич;aсмирнов27;aсмирнов27@example.com;https://images.firma-gamma.ru/images/5/6/d36639273692l.jpg;1;$2a$10$eObqG4zk7CbKPPTv0daHm.bcpK6zwyFPpjAVXOeDWrT/3TpVcxpia
Васильев Алексей Сергеевич;aвасильев27;aвасильев27@example.com;https://images.firma-gamma.ru/images/5/6/d36639273692l.jpg;2;$2a$10$eObqG4zk7CbKPPTv0daHm.bcpK6zwyFPpjAVXOeDWrT/3TpVcxpia
Козлов Алексей Сергеевич;aкозлов27;aкозлов27@example.com;https://images.firma-gamma.ru/images/5/6/d36639273692l.jpg;3;$2a$10$eObqG4zk7CbKPPTv0daHm.bcpK6zwyFPpjAVXOeDWrT/3TpVcxpia
Попов Алексей Сергеевич;aпопов27;aпопов27@example.com;https://images.firma-gamma.ru/images/5/6/d36639273692l.jpg;4;$2a$10$eObqG4zk7CbKPPTv0daHm.bcpK6zwyFPpjAVXOeDWrT/3TpVcxpia
Новиков Алексей Сергеевич;aновиков27;aновиков27@example.com;https://images.firma-gamma.ru/images/5/6/d36639273692l.jpg;5;$2a$10$eObqG4zk7CbKPPTv0daHm.bcpK6zwyFPpjAVXOeDWrT/3TpVcxpia
Морозов Алексей Сергеевич;aморозов27;aморозов27@example.com;https://images.firma-gamma.ru/images/5/6/d36639273692l.jpg;6;$2a$10$eObqG4zk7CbKPPTv0daHm.bcpK6zwyFPpjAVXOeDWrT/3TpVcxpia
Павлов Алексей Сергеевич;aпавлов27;aпавлов27@example.com;https://images.firma-gamma.ru/images/5/6/d36639273692l.jpg;7;$2a$10$eObqG4zk7CbKPPTv0daHm.bcpK6zwyFPpjAVXOeDWrT/3TpVcxpia
Семенов Алексей Сергеевич;aсеменов27;aсеменов27@example.com;https://images.firma-gamma.ru/images/5/6/d36639273692l.jpg;8;$2a$10$eObqG4zk7CbKPPTv0daHm.bcpK6zwyFPpjAVXOeDWrT/3TpVcxpia
Голубев Алексей Сергеевич;aголубев27;aголубев27@example.com;https://images.firma-gamma.ru/images/5/6/d36639273692l.jpg;9;$2a$10$eObqG4zk7CbKPPTv0daHm.bcpK6zwyFPpjAVXOeDWrT/3TpVcxpia
Виноградов Алексей Сергеевич;aвиноградов27;aвиноградов27@example.com;https://images.firma-gamma.ru/images/5/6/d36639273692l.jpg;10;$2a$10$eObqG4zk7CbKPPTv0daHm.bcpK6zwyFPpjAVXOeDWrT/3TpVcxpia
Смирнов Алексей Сергеевич;aсмирнов28;aсмирнов28@example.com;https://images.firma-gamma.ru/images/5/6/d36639273692l.jpg;1;$2a$10$eObqG4zk7CbKPPTv0daHm.bcpK6zwyFPpjAVXOeDWrT/3TpVcxpia
Васильев Алексей Сергеевич;aвасильев28;aвасильев28@example.com;https://images.firma-gamma.ru/images/5/6/d36639273692l.jpg;2;$2a$10$eObqG4zk7CbKPPTv0daHm.bcpK6zwyFPpjAVXOeDWrT/3TpVcxpia
Козлов Алексей Сергеевич;aкозлов28;aкозлов28@example.com;https://images.firma-gamma.ru/images/5/6/d36639273692l.jpg;3;$2a$10$eObqG4zk7CbKPPTv0daHm.bcpK6zwyFPpjAVXOeDWrT/3TpVcxpia
Попов Алексей Сергеевич;aпопов28;aпопов28@example.com;https://images.firma-gamma.ru/images/5/6/d36639273692l.jpg;4;$2a$10$eObqG4zk7CbKPPTv0daHm.bcpK6zwyFPpjAVXOeDWrT/3TpVcxpia
Новиков Алексей Сергеевич;aновиков28;aновиков28@example.com;https://images.firma-gamma.ru/images/5/6/d36639273692l.jpg;5;$2a$10$eObqG4zk7CbKPPTv0daHm.bcpK6zwyFPpjAVXOeDWrT/3TpVcxpia
Морозов Алексей Сергеевич;aморозов28;aморозов28@example.com;https://images.firma-gamma.ru/images/5/6/d36639273692l.jpg;6;$2a$10$eObqG4zk7CbKPPTv0daHm.bcpK6zwyFPpjAVXOeDWrT/3TpVcxpia
Павлов Алексей Сергеевич;aпавлов28;aпавлов28@example.com;https://images.firma-gamma.ru/images/5/6/d36639273692l.jpg;7;$2a$10$eObqG4zk7CbKPPTv0daHm.bcpK6zwyFPpjAVXOeDWrT/3TpVcxpia
Семенов Алексей Сергеевич;aсеменов28;aсеменов28@example.com;https://images.firma-gamma.ru/images/5/6/d36639273692l.jpg;8;$2a$10$eObqG4zk7CbKPPTv0daHm.bcpK6zwyFPpjAVXOeDWrT/3TpVcxpia
Голубев Алексей Сергеевич;aголубев28;aголубев28@example.com;https://images.firma-gamma.ru/images/5/6/d36639273692l.jpg;9;$2a$10$eObqG4zk7CbKPPTv0daHm.bcpK6zwyFPpjAVXOeDWrT/3TpVcxpia
Виноградов Алексей Сергеевич;aвиноградов28;aвиноградов28@example.com;https://images.firma-gamma.ru/images/5/6/d36639273692l.jpg;10;$2a$10$eObqG4zk7CbKPPTv0daHm.bcpK6zwyFPpjAVXOeDWrT/3TpVcxpia
Смирнов Алексей Сергеевич;aсмирнов29;aсмирнов29@example.com;https://images.firma-gamma.ru/images/5/6/d36639273692l.jpg;1;$2a$10$eObqG4zk7CbKPPTv0daHm.bcpK6zwyFPpjAVXOeDWrT/3TpVcxpia
Васильев Алексей Сергеевич;aвасильев29;aвасильев29@example.com;https://images.firma-gamma.ru/images/5/6/d36639273692l.jpg;2;$2a$10$eObqG4zk7CbKPPTv0daHm.bcpK6zwyFPpjAVXOeDWrT/3TpVcxpia
Козлов Алексей Сергеевич;aкозлов29;aкозлов29@example.com;https://images.firma-gamma.ru/images/5/6/d36639273692l.jpg;3;$2a$10$eObqG4zk7CbKPPTv0daHm.bcpK6zwyFPpjAVXOeDWrT/3TpVcxpia
Попов Алексей Сергеевич;aпопов29;aпопов29@example.com;https://images.firma-gamma.ru/images/5/6/d36639273692l.jpg;4;$2a$10$eObqG4zk7CbKPPTv0daHm.bcpK6zwyFPpjAVXOeDWrT/3TpVcxpia
Новиков Алексей Сергеевич;aновиков29;aновиков29@example.com;https://images.firma-gamma.ru/images/5/6/d36639273692l.jpg;5;$2a$10$eObqG4zk7CbKPPTv0daHm.bcpK6zwyFPpjAVXOeDWrT/3TpVcxpia
Морозов Алексей Сергеевич;aморозов29;aморозов29@example.com;https://images.firma-gamma.ru/images/5/6/d36639273692l.jpg;6;$2a$10$eObqG4zk7CbKPPTv0daHm.bcpK6zwyFPpjAVXOeDWrT/3TpVcxpia
Павлов Алексей Сергеевич;aпавлов29;aпавлов29@example.com;https://images.firma-gamma.ru/images/5/6/d36639273692l.jpg;7;$2a$10$eObqG4zk7CbKPPTv0daHm.bcpK6zwyFPpjAVXOeDWrT/3TpVcxpia
Семенов Алексей Сергеевич;aсеменов29;aсеменов29@example.com;https://images.firma-gamma.ru/images/5/6/d36639273692l.jpg;8;$2a$10$eObqG4zk7CbKPPTv0daHm.bcpK6zwyFPpjAVXOeDWrT/3TpVcxpia
Голубев Алексей Сергеевич;aголубев29;aголубев29@example.com;https://images.firma-gamma.ru/images/5/6/d36639273692l.jpg;9;$2a$10$eObqG4zk7CbKPPTv0daHm.bcpK6zwyFPpjAVXOeDWrT/3TpVcxpia
Виноградов Алексей Сергеевич;aвиноградов29;aвиноградов29@example.com;https://images.firma-gamma.ru/images/5/6/d36639273692l.jpg;10;$2a$10$eObqG4zk7CbKPPTv0daHm.bcpK6zwyFPpjAVXOeDWrT/3TpVcxpia
Смирнов Алексей Сергеевич;aсмирнов30;aсмирнов30@example.com;https://images.firma-gamma.ru/images/5/6/d36639273692l.jpg;1;$2a$10$eObqG4zk7CbKPPTv0daHm.bcpK6zwyFPpjAVXOeDWrT/3TpVcxpia
Васильев Алексей Сергеевич;aвасильев30;aвасильев30@example.com;https://images.firma-gamma.ru/images/5/6/d36639273692l.jpg;2;$2a$10$eObqG4zk7CbKPPTv0daHm.bcpK6zwyFPpjAVXOeDWrT/3TpVcxpia
Козлов Алексей Сергеевич;aкозлов30;aкозлов30@example.com;https://images.firma-gamma.ru/images/5/6/d36639273692l.jpg;3;$2a$10$eObqG4zk7CbKPPTv0daHm.bcpK6zwyFPpjAVXOeDWrT/3TpVcxpia
Попов Алексей Сергеевич;aпопов30;aпопов30@example.com;https://images.firma-gamma.ru/images/5/6/d36639273692l.jpg;4;$2a$10$eObqG4zk7CbKPPTv0daHm.bcpK6zwyFPpjAVXOeDWrT/3TpVcxpia
Новиков Алексей Сергеевич;aновиков30;aновиков30@example.com;https://images.firma-gamma.ru/images/5/6/d36639273692l.jpg;5;$2a$10$eObqG4zk7CbKPPTv0daHm.bcpK6zwyFPpjAVXOeDWrT/3TpVcxpia
Морозов Алексей Сергеевич;aморозов30;aморозов30@example.com;https://images.firma-gamma.ru/images/5/6/d36639273692l.jpg;6;$2a$10$eObqG4zk7CbKPPTv0daHm.bcpK6zwyFPpjAVXOeDWrT/3TpVcxpia
Павлов Алексей Сергеевич;aпавлов30;aпавлов30@example.com;https://images.firma-gamma.ru/images/5/6/d36639273692l.jpg;7;$2a$10$eObqG4zk7CbKPPTv0daHm.bcpK6zwyFPpjAVXOeDWrT/3TpVcxpia
Семенов Алексей Сергеевич;aсеменов30;aсеменов30@example.com;https://images.firma-gamma.ru/images/5/6/d36639273692l.jpg;8;$2a$10$eObqG4zk7CbKPPTv0daHm.bcpK6zwyFPpjAVXOeDWrT/3TpVcxpia
Голубев Алексей Сергеевич;aголубев30;aголубев30@example.com;https://images.firma-gamma.ru/images/5/6/d36639273692l.jpg;9;$2a$10$eObqG4zk7CbKPPTv0daHm.bcpK6zwyFPpjAVXOeDWrT/3TpVcxpia
Виноградов Алексей Сергеевич;aвиноградов30;aвиноградов30@example.com;https://images.firma-gamma.ru/images/5/6/d36639273692l.jpg;10;$2a$10$eObqG4zk7CbKPPTv0daHm.bcpK6zwyFPpjAVXOeDWrT/3TpVcxpia
Смирнов Алексей Сергеевич;aсмирнов31;aсмирнов31@example.com;https://images.firma-gamma.ru/images/5/6/d36639273692l.jpg;1;$2a$10$eObqG4zk7CbKPPTv0daHm.bcpK6zwyFPpjAVXOeDWrT/3TpVcxpia
Васильев Алексей Сергеевич;aвасильев31;aвасильев31@example.com;https://images.firma-gamma.ru/images/5/6/d36639273692l.jpg;2;$2a$10$eObqG4zk7CbKPPTv0daHm.bcpK6zwyFPpjAVXOeDWrT/3TpVcxpia
Козлов Алексей Сергеевич;aкозлов31;aкозлов31@example.com;https://images.firma-gamma.ru/images/5/6/d36639273692l.jpg;3;$2a$10$eObqG4zk7CbKPPTv0daHm.bcpK6zwyFPpjAVXOeDWrT/3TpVcxpia
Попов Алексей Сергеевич;aпопов31;aпопов31@example.com;https://images.firma-gamma.ru/images/5/6/d36639273692l.jpg;4;$2a$10$eObqG4zk7CbKPPTv0daHm.bcpK6zwyFPpjAVXOeDWrT/3TpVcxpia
Новиков Алексей Сергеевич;aновиков31;aновиков31@example.com;https://images.firma-gamma.ru/images/5/6/d36639273692l.jpg;5;$2a$10$eObqG4zk7CbKPPTv0daHm.bcpK6zwyFPpjAVXOeDWrT/3TpVcxpia
Морозов Алексей Сергеевич;aморозов31;aморозов31@example.com;https://images.firma-gamma.ru/images/5/6/d36639273692l.jpg;6;$2a$10$eObqG4zk7CbKPPTv0daHm.bcpK6zwyFPpjAVXOeDWrT/3TpVcxpia
Павлов Алексей Сергеевич;aпавлов31;aпавлов31@example.com;https://images.firma-gamma.ru/images/5/6/d36639273692l.jpg;7;$2a$10$eObqG4zk7CbKPPTv0daHm.bcpK6zwyFPpjAVXOeDWrT/3TpVcxpia
Семенов Алексей Сергеевич;aсеменов31;aсеменов31@example.com;https://images.firma-gamma.ru/images/5/6/d36639273692l.jpg;8;$2a$10$eObqG4zk7CbKPPTv0daHm.bcpK6zwyFPpjAVXOeDWrT/3TpVcxpia
Голубев Алексей Сергеевич;aголубев31;aголубев31@example.com;https://images.firma-gamma.ru/images/5/6/d36639273692l.jpg;9;$2a$10$eObqG4zk7CbKPPTv0daHm.bcpK6zwyFPpjAVXOeDWrT/3TpVcxpia
Виноградов Алексей Сергеевич;aвиноградов31;aвиноградов31@example.com;https://images.firma-gamma.ru/images/5/6/d36639273692l.jpg;10;$2a$10$eObqG4zk7CbKPPTv0daHm.bcpK6zwyFPpjAVXOeDWrT/3TpVcxpia
Смирнов Алексей Сергеевич;aсмирнов32;aсмирнов32@example.com;https://images.firma-gamma.ru/images/5/6/d36639273692l.jpg;1;$2a$10$eObqG4zk7CbKPPTv0daHm.bcpK6zwyFPpjAVXOeDWrT/3TpVcxpia
Васильев Алексей Сергеевич;aвасильев32;aвасильев32@example.com;https://images.firma-gamma.ru/images/5/6/d36639273692l.jpg;2;$2a$10$eObqG4zk7CbKPPTv0daHm.bcpK6zwyFPpjAVXOeDWrT/3TpVcxpia
Козлов Алексей Сергеевич;aкозлов32;aкозлов32@example.com;https://images.firma-gamma.ru/images/5/6/d36639273692l.jpg;3;$2a$10$eObqG4zk7CbKPPTv0daHm.bcpK6zwyFPpjAVXOeDWrT/3TpVcxpia
Попов Алексей Сергеевич;aпопов32;aпопов32@example.com;https://images.firma-gamma.ru/images/5/6/d36639273692l.jpg;4;$2a$10$eObqG4zk7CbKPPTv0daHm.bcpK6zwyFPpjAVXOeDWrT/3TpVcxpia
Новиков Алексей Сергеевич;aновиков32;aновиков32@example.com;https://images.firma-gamma.ru/images/5/6/d36639273692l.jpg;5;$2a$10$eObqG4zk7CbKPPTv0daHm.bcpK6zwyFPpjAVXOeDWrT/3TpVcxpia
Морозов Алексей Сергеевич;aморозов32;aморозов32@example.com;https://images.firma-gamma.ru/images/5/6/d36639273692l.jpg;6;$2a$10$eObqG4zk7CbKPPTv0daHm.bcpK6zwyFPpjAVXOeDWrT/3TpVcxpia
Павлов Алексей Сергеевич;aпавлов32;aпавлов32@example.com;https://images.firma-gamma.ru/images/5/6/d36639273692l.jpg;7;$2a$10$eObqG4zk7CbKPPTv0daHm.bcpK6zwyFPpjAVXOeDWrT/3TpVcxpia
Семенов Алексей Сергеевич;aсеменов32;aсеменов32@example.com;https://images.firma-gamma.ru/images/5/6/d36639273692l.jpg;8;$2a$10$eObqG4zk7CbKPPTv0daHm.bcpK6zwyFPpjAVXOeDWrT/3TpVcxpia
Голубев Алексей Сергеевич;aголубев32;aголубев32@example.com;https://images.firma-gamma.ru/images/5/6/d36639273692l.jpg;9;$2a$10$eObqG4zk7CbKPPTv0daHm.bcpK6zwyFPpjAVXOeDWrT/3TpVcxpia
Виноградов Алексей Сергеевич;aвиноградов32;aвиноградов32@example.com;https://images.firma-gamma.ru/images/5/6/d36639273692l.jpg;10;$2a$10$eObqG4zk7CbKPPTv0daHm.bcpK6zwyFPpjAVXOeDWrT/3TpVcxpia
Смирнов Алексей Сергеевич;aсмирнов33;aсмирнов33@example.com;https://images.firma-gamma.ru/images/5/6/d36639273692l.jpg;1;$2a$10$eObqG4zk7CbKPPTv0daHm.bcpK6zwyFPpjAVXOeDWrT/3TpVcxpia
Васильев Алексей Сергеевич;aвасильев33;aвасильев33@example.com;https://images.firma-gamma.ru/images/5/6/d36639273692l.jpg;2;$2a$10$eObqG4zk7CbKPPTv0daHm.bcpK6zwyFPpjAVXOeDWrT/3TpVcxpia
Козлов Алексей Сергеевич;aкозлов33;aкозлов33@example.com;https://images.firma-gamma.ru/images/5/6/d36639273692l.jpg;3;$2a$10$eObqG4zk7CbKPPTv0daHm.bcpK6zwyFPpjAVXOeDWrT/3TpVcxpia
Попов Алексей Сергеевич;aпопов33;aпопов33@example.com;https://images.firma-gamma.ru/images/5/6/d36639273692l.jpg;4;$2a$10$eObqG4zk7CbKPPTv0daHm.bcpK6zwyFPpjAVXOeDWrT/3TpVcxpia
Новиков Алексей Сергеевич;aновиков33;aновиков33@example.com;https://images.firma-gamma.ru/images/5/6/d36639273692l.jpg;5;$2a$10$eObqG4zk7CbKPPTv0daHm.bcpK6zwyFPpjAVXOeDWrT/3TpVcxpia
Морозов Алексей Сергеевич;aморозов33;aморозов33@example.com;https://images.firma-gamma.ru/images/5/6/d36639273692l.jpg;6;$2a$10$eObqG4zk7CbKPPTv0daHm.bcpK6zwyFPpjAVXOeDWrT/3TpVcxpia
Павлов Алексей Сергеевич;aпавлов33;aпавлов33@example.com;https://images.firma-gamma.ru/images/5/6/d36639273692l.jpg;7;$2a$10$eObqG4zk7CbKPPTv0daHm.bcpK6zwyFPpjAVXOeDWrT/3TpVcxpia
Семенов Алексей Сергеевич;aсеменов33;aсеменов33@example.com;https://images.firma-gamma.ru/images/5/6/d36639273692l.jpg;8;$2a$10$eObqG4zk7CbKPPTv0daHm.bcpK6zwyFPpjAVXOeDWrT/3TpVcxpia
Голубев Алексей Сергеевич;aголубев33;aголубев33@example.com;https://images.firma-gamma.ru/images/5/6/d36639273692l.jpg;9;$2a$10$eObqG4zk7CbKPPTv0daHm.bcpK6zwyFPpjAVXOeDWrT/3TpVcxpia
Виноградов Алексей Сергеевич;aвиноградов33;aвиноградов33@example.com;https://images.firma-gamma.ru/images/5/6/d36639273692l.jpg;10;$2a$10$eObqG4zk7CbKPPTv0daHm.bcpK6zwyFPpjAVXOeDWrT/3TpVcxpia
Смирнов Алексей Сергеевич;aсмирнов34;aсмирнов34@example.com;https://images.firma-gamma.ru/images/5/6/d36639273692l.jpg;1;$2a$10$eObqG4zk7CbKPPTv0daHm.bcpK6zwyFPpjAVXOeDWrT/3TpVcxpia
Васильев Алексей Сергеевич;aвасильев34;aвасильев34@example.com;https://images.firma-gamma.ru/images/5/6/d36639273692l.jpg;2;$2a$10$eObqG4zk7CbKPPTv0daHm.bcpK6zwyFPpjAVXOeDWrT/3TpVcxpia
Козлов Алексей Сергеевич;aкозлов34;aкозлов34@example.com;https://images.firma-gamma.ru/images/5/6/d36639273692l.jpg;3;$2a$10$eObqG4zk7CbKPPTv0daHm.bcpK6zwyFPpjAVXOeDWrT/3TpVcxpia
Попов Алексей Сергеевич;aпопов34;aпопов34@example.com;https://images.firma-gamma.ru/images/5/6/d36639273692l.jpg;4;$2a$10$eObqG4zk7CbKPPTv0daHm.bcpK6zwyFPpjAVXOeDWrT/3TpVcxpia
Новиков Алексей Сергеевич;aновиков34;aновиков34@example.com;https://images.firma-gamma.ru/images/5/6/d36639273692l.jpg;5;$2a$10$eObqG4zk7CbKPPTv0daHm.bcpK6zwyFPpjAVXOeDWrT/3TpVcxpia
Морозов Алексей Сергеевич;aморозов34;aморозов34@example.com;https://images.firma-gamma.ru/images/5/6/d36639273692l.jpg;6;$2a$10$eObqG4zk7CbKPPTv0daHm.bcpK6zwyFPpjAVXOeDWrT/3TpVcxpia
Павлов Алексей Сергеевич;aпавлов34;aпавлов34@example.com;https://images.firma-gamma.ru/images/5/6/d36639273692l.jpg;7;$2a$10$eObqG4zk7CbKPPTv0daHm.bcpK6zwyFPpjAVXOeDWrT/3TpVcxpia
Семенов Алексей Сергеевич;aсеменов34;aсеменов34@example.com;https://images.firma-gamma.ru/images/5/6/d36639273692l.jpg;8;$2a$10$eObqG4zk7CbKPPTv0daHm.bcpK6zwyFPpjAVXOeDWrT/3TpVcxpia
Голубев Алексей Сергеевич;aголубев34;aголубев34@example.com;https://images.firma-gamma.ru/images/5/6/d36639273692l.jpg;9;$2a$10$eObqG4zk7CbKPPTv0daHm.bcpK6zwyFPpjAVXOeDWrT/3TpVcxpia
Виноградов Алексей Сергеевич;aвиноградов34;aвиноградов34@example.com;https://images.firma-gamma.ru/images/5/6/d36639273692l.jpg;10;$2a$10$eObqG4zk7CbKPPTv0daHm.bcpK6zwyFPpjAVXOeDWrT/3TpVcxpia
Смирнов Алексей Сергеевич;aсмирнов35;aсмирнов35@example.com;https://images.firma-gamma.ru/images/5/6/d36639273692l.jpg;1;$2a$10$eObqG4zk7CbKPPTv0daHm.bcpK6zwyFPpjAVXOeDWrT/3TpVcxpia
Васильев Алексей Сергеевич;aвасильев35;aвасильев35@example.com;https://images.firma-gamma.ru/images/5/6/d36639273692l.jpg;2;$2a$10$eObqG4zk7CbKPPTv0daHm.bcpK6zwyFPpjAVXOeDWrT/3TpVcxpia
Козлов Алексей Сергеевич;aкозлов35;aкозлов35@example.com;https://images.firma-gamma.ru/images/5/6/d36639273692l.jpg;3;$2a$10$eObqG4zk7CbKPPTv0daHm.bcpK6zwyFPpjAVXOeDWrT/3TpVcxpia
Попов Алексей Сергеевич;aпопов35;aпопов35@example.com;https://images.firma-gamma.ru/images/5/6/d36639273692l.jpg;4;$2a$10$eObqG4zk7CbKPPTv0daHm.bcpK6zwyFPpjAVXOeDWrT/3TpVcxpia
Новиков Алексей Сергеевич;aновиков35;aновиков35@example.com;https://images.firma-gamma.ru/images/5/6/d36639273692l.jpg;5;$2a$10$eObqG4zk7CbKPPTv0daHm.bcpK6zwyFPpjAVXOeDWrT/3TpVcxpia
Морозов Алексей Сергеевич;aморозов35;aморозов35@example.com;https://images.firma-gamma.ru/images/5/6/d36639273692l.jpg;6;$2a$10$eObqG4zk7CbKPPTv0daHm.bcpK6zwyFPpjAVXOeDWrT/3TpVcxpia
Павлов Алексей Сергеевич;aпавлов35;aпавлов35@example.com;https://images.firma-gamma.ru/images/5/6/d36639273692l.jpg;7;$2a$10$eObqG4zk7CbKPPTv0daHm.bcpK6zwyFPpjAVXOeDWrT/3TpVcxpia
Семенов Алексей Сергеевич;aсеменов35;aсеменов35@example.com;https://images.firma-gamma.ru/images/5/6/d36639273692l.jpg;8;$2a$10$eObqG4zk7CbKPPTv0daHm.bcpK6zwyFPpjAVXOeDWrT/3TpVcxpia
Голубев Алексей Сергеевич;aголубев35;aголубев35@example.com;https://images.firma-gamma.ru/images/5/6/d36639273692l.jpg;9;$2a$10$eObqG4zk7CbKPPTv0daHm.bcpK6zwyFPpjAVXOeDWrT/3TpVcxpia
Виноградов Алексей Сергеевич;aвиноградов35;aвиноградов35@example.com;https://images.firma-gamma.ru/images/5/6/d36639273692l.jpg;10;$2a$10$eObqG4zk7CbKPPTv0daHm.bcpK6zwyFPpjAVXOeDWrT/3TpVcxpia
Смирнов Алексей Сергеевич;aсмирнов36;aсмирнов36@example.com;https://images.firma-gamma.ru/images/5/6/d36639273692l.jpg;1;$2a$10$eObqG4zk7CbKPPTv0daHm.bcpK6zwyFPpjAVXOeDWrT/3TpVcxpia
Васильев Алексей Сергеевич;aвасильев36;aвасильев36@example.com;https://images.firma-gamma.ru/images/5/6/d36639273692l.jpg;2;$2a$10$eObqG4zk7CbKPPTv0daHm.bcpK6zwyFPpjAVXOeDWrT/3TpVcxpia
Козлов Алексей Сергеевич;aкозлов36;aкозлов36@example.com;https://images.firma-gamma.ru/images/5/6/d36639273692l.jpg;3;$2a$10$eObqG4zk7CbKPPTv0daHm.bcpK6zwyFPpjAVXOeDWrT/3TpVcxpia
Попов Алексей Сергеевич;aпопов36;aпопов36@example.com;https://images.firma-gamma.ru/images/5/6/d36639273692l.jpg;4;$2a$10$eObqG4zk7CbKPPTv0daHm.bcpK6zwyFPpjAVXOeDWrT/3TpVcxpia
Новиков Алексей Сергеевич;aновиков36;aновиков36@example.com;https://images.firma-gamma.ru/images/5/6/d36639273692l.jpg;5;$2a$10$eObqG4zk7CbKPPTv0daHm.bcpK6zwyFPpjAVXOeDWrT/3TpVcxpia
Морозов Алексей Сергеевич;aморозов36;aморозов36@example.com;https://images.firma-gamma.ru/images/5/6/d36639273692l.jpg;6;$2a$10$eObqG4zk7CbKPPTv0daHm.bcpK6zwyFPpjAVXOeDWrT/3TpVcxpia
Павлов Алексей Сергеевич;aпавлов36;aпавлов36@example.com;https://images.firma-gamma.ru/images/5/6/d36639273692l.jpg;7;$2a$10$eObqG4zk7CbKPPTv0daHm.bcpK6zwyFPpjAVXOeDWrT/3TpVcxpia
Семенов Алексей Сергеевич;aсеменов36;aсеменов36@example.com;https://images.firma-gamma.ru/images/5/6/d36639273692l.jpg;8;$2a$10$eObqG4zk7CbKPPTv0daHm.bcpK6zwyFPpjAVXOeDWrT/3TpVcxpia
Голубев Алексей Сергеевич;aголубев36;aголубев36@example.com;https://images.firma-gamma.ru/images/5/6/d36639273692l.jpg;9;$2a$10$eObqG4zk7CbKPPTv0daHm.bcpK6zwyFPpjAVXOeDWrT/3TpVcxpia
Виноградов Алексей Сергеевич;aвиноградов36;aвиноградов36@example.com;https://images.firma-gamma.ru/images/5/6/d36639273692l.jpg;10;$2a$10$eObqG4zk7CbKPPTv0daHm.bcpK6zwyFPpjAVXOeDWrT/3TpVcxpia
Смирнов Алексей Сергеевич;aсмирнов37;aсмирнов37@example.com;https://images.firma-gamma.ru/images/5/6/d36639273692l.jpg;1;$2a$10$eObqG4zk7CbKPPTv0daHm.bcpK6zwyFPpjAVXOeDWrT/3TpVcxpia
Васильев Алексей Сергеевич;aвасильев37;aвасильев37@example.com;https://images.firma-gamma.ru/images/5/6/d36639273692l.jpg;2;$2a$10$eObqG4zk7CbKPPTv0daHm.bcpK6zwyFPpjAVXOeDWrT/3TpVcxpia
Козлов Алексей Сергеевич;aкозлов37;aкозлов37@example.com;https://images.firma-gamma.ru/images/5/6/d36639273692l.jpg;3;$2a$10$eObqG4zk7CbKPPTv0daHm.bcpK6zwyFPpjAVXOeDWrT/3TpVcxpia
Попов Алексей Сергеевич;aпопов37;aпопов37@example.com;https://images.firma-gamma.ru/images/5/6/d36639273692l.jpg;4;$2a$10$eObqG4zk7CbKPPTv0daHm.bcpK6zwyFPpjAVXOeDWrT/3TpVcxpia
Новиков Алексей Сергеевич;aновиков37;aновиков37@example.com;https://images.firma-gamma.ru/images/5/6/d36639273692l.jpg;5;$2a$10$eObqG4zk7CbKPPTv0daHm.bcpK6zwyFPpjAVXOeDWrT/3TpVcxpia
Морозов Алексей Сергеевич;aморозов37;aморозов37@example.com;https://images.firma-gamma.ru/images/5/6/d36639273692l.jpg;6;$2a$10$eObqG4zk7CbKPPTv0daHm.bcpK6zwyFPpjAVXOeDWrT/3TpVcxpia
Павлов Алексей Сергеевич;aпавлов37;aпавлов37@example.com;https://images.firma-gamma.ru/images/5/6/d36639273692l.jpg;7;$2a$10$eObqG4zk7CbKPPTv0daHm.bcpK6zwyFPpjAVXOeDWrT/3TpVcxpia
Семенов Алексей Сергеевич;aсеменов37;aсеменов37@example.com;https://images.firma-gamma.ru/images/5/6/d36639273692l.jpg;8;$2a$10$eObqG4zk7CbKPPTv0daHm.bcpK6zwyFPpjAVXOeDWrT/3TpVcxpia
Голубев Алексей Сергеевич;aголубев37;aголубев37@example.com;https://images.firma-gamma.ru/images/5/6/d36639273692l.jpg;9;$2a$10$eObqG4zk7CbKPPTv0daHm.bcpK6zwyFPpjAVXOeDWrT/3TpVcxpia
Виноградов Алексей Сергеевич;aвиноградов37;aвиноградов37@example.com;https://images.firma-gamma.ru/images/5/6/d36639273692l.jpg;10;$2a$10$eObqG4zk7CbKPPTv0daHm.bcpK6zwyFPpjAVXOeDWrT/3TpVcxpia
Смирнов Алексей Сергеевич;aсмирнов38;aсмирнов38@example.com;https://images.firma-gamma.ru/images/5/6/d36639273692l.jpg;1;$2a$10$eObqG4zk7CbKPPTv0daHm.bcpK6zwyFPpjAVXOeDWrT/3TpVcxpia
Васильев Алексей Сергеевич;aвасильев38;aвасильев38@example.com;https://images.firma-gamma.ru/images/5/6/d36639273692l.jpg;2;$2a$10$eObqG4zk7CbKPPTv0daHm.bcpK6zwyFPpjAVXOeDWrT/3TpVcxpia
Козлов Алексей Сергеевич;aкозлов38;aкозлов38@example.com;https://images.firma-gamma.ru/images/5/6/d36639273692l.jpg;3;$2a$10$eObqG4zk7CbKPPTv0daHm.bcpK6zwyFPpjAVXOeDWrT/3TpVcxpia
Попов Алексей Сергеевич;aпопов38;aпопов38@example.com;https://images.firma-gamma.ru/images/5/6/d36639273692l.jpg;4;$2a$10$eObqG4zk7CbKPPTv0daHm.bcpK6zwyFPpjAVXOeDWrT/3TpVcxpia
Новиков Алексей Сергеевич;aновиков38;aновиков38@example.com;https://images.firma-gamma.ru/images/5/6/d36639273692l.jpg;5;$2a$10$eObqG4zk7CbKPPTv0daHm.bcpK6zwyFPpjAVXOeDWrT/3TpVcxpia
Морозов Алексей Сергеевич;aморозов38;aморозов38@example.com;https://images.firma-gamma.ru/images/5/6/d36639273692l.jpg;6;$2a$10$eObqG4zk7CbKPPTv0daHm.bcpK6zwyFPpjAVXOeDWrT/3TpVcxpia
Павлов Алексей Сергеевич;aпавлов38;aпавлов38@example.com;https://images.firma-gamma.ru/images/5/6/d36639273692l.jpg;7;$2a$10$eObqG4zk7CbKPPTv0daHm.bcpK6zwyFPpjAVXOeDWrT/3TpVcxpia
Семенов Алексей Сергеевич;aсеменов38;aсеменов38@example.com;https://images.firma-gamma.ru/images/5/6/d36639273692l.jpg;8;$2a$10$eObqG4zk7CbKPPTv0daHm.bcpK6zwyFPpjAVXOeDWrT/3TpVcxpia
Голубев Алексей Сергеевич;aголубев38;aголубев38@example.com;https://images.firma-gamma.ru/images/5/6/d36639273692l.jpg;9;$2a$10$eObqG4zk7CbKPPTv0daHm.bcpK6zwyFPpjAVXOeDWrT/3TpVcxpia
Виноградов Алексей Сергеевич;aвиноградов38;aвиноградов38@example.com;https://images.firma-gamma.ru/images/5/6/d36639273692l.jpg;10;$2a$10$eObqG4zk7CbKPPTv0daHm.bcpK6zwyFPpjAVXOeDWrT/3TpVcxpia
Смирнов Алексей Сергеевич;aсмирнов39;aсмирнов39@example.com;https://images.firma-gamma.ru/images/5/6/d36639273692l.jpg;1;$2a$10$eObqG4zk7CbKPPTv0daHm.bcpK6zwyFPpjAVXOeDWrT/3TpVcxpia
Васильев Алексей Сергеевич;aвасильев39;aвасильев39@example.com;https://images.firma-gamma.ru/images/5/6/d36639273692l.jpg;2;$2a$10$eObqG4zk7CbKPPTv0daHm.bcpK6zwyFPpjAVXOeDWrT/3TpVcxpia
Козлов Алексей Сергеевич;aкозлов39;aкозлов39@example.com;https://images.firma-gamma.ru/images/5/6/d36639273692l.jpg;3;$2a$10$eObqG4zk7CbKPPTv0daHm.bcpK6zwyFPpjAVXOeDWrT/3TpVcxpia
Попов Алексей Сергеевич;aпопов39;aпопов39@example.com;https://images.firma-gamma.ru/images/5/6/d36639273692l.jpg;4;$2a$10$eObqG4zk7CbKPPTv0daHm.bcpK6zwyFPpjAVXOeDWrT/3TpVcxpia
Новиков Алексей Сергеевич;aновиков39;aновиков39@example.com;https://images.firma-gamma.ru/images/5/6/d36639273692l.jpg;5;$2a$10$eObqG4zk7CbKPPTv0daHm.bcpK6zwyFPpjAVXOeDWrT/3TpVcxpia
Морозов Алексей Сергеевич;aморозов39;aморозов39@example.com;https://images.firma-gamma.ru/images/5/6/d36639273692l.jpg;6;$2a$10$eObqG4zk7CbKPPTv0daHm.bcpK6zwyFPpjAVXOeDWrT/3TpVcxpia
Павлов Алексей Сергеевич;aпавлов39;aпавлов39@example.com;https://images.firma-gamma.ru/images/5/6/d36639273692l.jpg;7;$2a$10$eObqG4zk7CbKPPTv0daHm.bcpK6zwyFPpjAVXOeDWrT/3TpVcxpia
Семенов Алексей Сергеевич;aсеменов39;aсеменов39@example.com;https://images.firma-gamma.ru/images/5/6/d36639273692l.jpg;8;$2a$10$eObqG4zk7CbKPPTv0daHm.bcpK6zwyFPpjAVXOeDWrT/3TpVcxpia
Голубев Алексей Сергеевич;aголубев39;aголубев39@example.com;https://images.firma-gamma.ru/images/5/6/d36639273692l.jpg;9;$2a$10$eObqG4zk7CbKPPTv0daHm.bcpK6zwyFPpjAVXOeDWrT/3TpVcxpia
Виноградов Алексей Сергеевич;aвиноградов39;aвиноградов39@example.com;https://images.firma-gamma.ru/images/5/6/d36639273692l.jpg;10;$2a$10$eObqG4zk7CbKPPTv0daHm.bcpK6zwyFPpjAVXOeDWrT/3TpVcxpia
Смирнов Алексей Сергеевич;aсмирнов40;aсмирнов40@example.com;https://images.firma-gamma.ru/images/5/6/d36639273692l.jpg;1;$2a$10$eObqG4zk7CbKPPTv0daHm.bcpK6zwyFPpjAVXOeDWrT/3TpVcxpia
Васильев Алексей Сергеевич;aвасильев40;aвасильев40@example.com;https://images.firma-gamma.ru/images/5/6/d36639273692l.jpg;2;$2a$10$eObqG4zk7CbKPPTv0daHm.bcpK6zwyFPpjAVXOeDWrT/3TpVcxpia
Козлов Алексей Сергеевич;aкозлов40;aкозлов40@example.com;https://images.firma-gamma.ru/images/5/6/d36639273692l.jpg;3;$2a$10$eObqG4zk7CbKPPTv0daHm.bcpK6zwyFPpjAVXOeDWrT/3TpVcxpia
Попов Алексей Сергеевич;aпопов40;aпопов40@example.com;https://images.firma-gamma.ru/images/5/6/d36639273692l.jpg;4;$2a$10$eObqG4zk7CbKPPTv0daHm.bcpK6zwyFPpjAVXOeDWrT/3TpVcxpia
Новиков Алексей Сергеевич;aновиков40;aновиков40@example.com;https://images.firma-gamma.ru/images/5/6/d36639273692l.jpg;5;$2a$10$eObqG4zk7CbKPPTv0daHm.bcpK6zwyFPpjAVXOeDWrT/3TpVcxpia
Морозов Алексей Сергеевич;aморозов40;aморозов40@example.com;https://images.firma-gamma.ru/images/5/6/d36639273692l.jpg;6;$2a$10$eObqG4zk7CbKPPTv0daHm.bcpK6zwyFPpjAVXOeDWrT/3TpVcxpia
Павлов Алексей Сергеевич;aпавлов40;aпавлов40@example.com;https://images.firma-gamma.ru/images/5/6/d36639273692l.jpg;7;$2a$10$eObqG4zk7CbKPPTv0daHm.bcpK6zwyFPpjAVXOeDWrT/3TpVcxpia
Семенов Алексей Сергеевич;aсеменов40;aсеменов40@example.com;https://images.firma-gamma.ru/images/5/6/d36639273692l.jpg;8;$2a$10$eObqG4zk7CbKPPTv0daHm.bcpK6zwyFPpjAVXOeDWrT/3TpVcxpia
Голубев Алексей Сергеевич;aголубев40;aголубев40@example.com;https://images.firma-gamma.ru/images/5/6/d36639273692l.jpg;9;$2a$10$eObqG4zk7CbKPPTv0daHm.bcpK6zwyFPpjAVXOeDWrT/3TpVcxpia
Виноградов Алексей Сергеевич;aвиноградов40;aвиноградов40@example.com;https://images.firma-gamma.ru/images/5/6/d36639273692l.jpg;10;$2a$10$eObqG4zk7CbKPPTv0daHm.bcpK6zwyFPpjAVXOeDWrT/3TpVcxpia
Смирнов Алексей Сергеевич;aсмирнов41;aсмирнов41@example.com;https://images.firma-gamma.ru/images/5/6/d36639273692l.jpg;1;$2a$10$eObqG4zk7CbKPPTv0daHm.bcpK6zwyFPpjAVXOeDWrT/3TpVcxpia
Васильев Алексей Сергеевич;aвасильев41;aвасильев41@example.com;https://images.firma-gamma.ru/images/5/6/d36639273692l.jpg;2;$2a$10$eObqG4zk7CbKPPTv0daHm.bcpK6zwyFPpjAVXOeDWrT/3TpVcxpia
Козлов Алексей Сергеевич;aкозлов41;aкозлов41@example.com;https://images.firma-gamma.ru/images/5/6/d36639273692l.jpg;3;$2a$10$eObqG4zk7CbKPPTv0daHm.bcpK6zwyFPpjAVXOeDWrT/3TpVcxpia
Попов Алексей Сергеевич;aпопов41;aпопов41@example.com;https://images.firma-gamma.ru/images/5/6/d36639273692l.jpg;4;$2a$10$eObqG4zk7CbKPPTv0daHm.bcpK6zwyFPpjAVXOeDWrT/3TpVcxpia
Новиков Алексей Сергеевич;aновиков41;aновиков41@example.com;https://images.firma-gamma.ru/images/5/6/d36639273692l.jpg;5;$2a$10$eObqG4zk7CbKPPTv0daHm.bcpK6zwyFPpjAVXOeDWrT/3TpVcxpia
Морозов Алексей Сергеевич;aморозов41;aморозов41@example.com;https://images.firma-gamma.ru/images/5/6/d36639273692l.jpg;6;$2a$10$eObqG4zk7CbKPPTv0daHm.bcpK6zwyFPpjAVXOeDWrT/3TpVcxpia
Павлов Алексей Сергеевич;aпавлов41;aпавлов41@example.com;https://images.firma-gamma.ru/images/5/6/d36639273692l.jpg;7;$2a$10$eObqG4zk7CbKPPTv0daHm.bcpK6zwyFPpjAVXOeDWrT/3TpVcxpia
Семенов Алексей Сергеевич;aсеменов41;aсеменов41@example.com;https://images.firma-gamma.ru/images/5/6/d36639273692l.jpg;8;$2a$10$eObqG4zk7CbKPPTv0daHm.bcpK6zwyFPpjAVXOeDWrT/3TpVcxpia
Голубев Алексей Сергеевич;aголубев41;aголубев41@example.com;https://images.firma-gamma.ru/images/5/6/d36639273692l.jpg;9;$2a$10$eObqG4zk7CbKPPTv0daHm.bcpK6zwyFPpjAVXOeDWrT/3TpVcxpia
Виноградов Алексей Сергеевич;aвиноградов41;aвиноградов41@example.com;https://images.firma-gamma.ru/images/5/6/d36639273692l.jpg;10;$2a$10$eObqG4zk7CbKPPTv0daHm.bcpK6zwyFPpjAVXOeDWrT/3TpVcxpia
Смирнов Алексей Сергеевич;aсмирнов42;aсмирнов42@example.com;https://images.firma-gamma.ru/images/5/6/d36639273692l.jpg;1;$2a$10$eObqG4zk7CbKPPTv0daHm.bcpK6zwyFPpjAVXOeDWrT/3TpVcxpia
Васильев Алексей Сергеевич;aвасильев42;aвасильев42@example.com;https://images.firma-gamma.ru/images/5/6/d36639273692l.jpg;2;$2a$10$eObqG4zk7CbKPPTv0daHm.bcpK6zwyFPpjAVXOeDWrT/3TpVcxpia
Козлов Алексей Сергеевич;aкозлов42;aкозлов42@example.com;https://images.firma-gamma.ru/images/5/6/d36639273692l.jpg;3;$2a$10$eObqG4zk7CbKPPTv0daHm.bcpK6zwyFPpjAVXOeDWrT/3TpVcxpia
Попов Алексей Сергеевич;aпопов42;aпопов42@example.com;https://images.firma-gamma.ru/images/5/6/d36639273692l.jpg;4;$2a$10$eObqG4zk7CbKPPTv0daHm.bcpK6zwyFPpjAVXOeDWrT/3TpVcxpia
Новиков Алексей Сергеевич;aновиков42;aновиков42@example.com;https://images.firma-gamma.ru/images/5/6/d36639273692l.jpg;5;$2a$10$eObqG4zk7CbKPPTv0daHm.bcpK6zwyFPpjAVXOeDWrT/3TpVcxpia
Морозов Алексей Сергеевич;aморозов42;aморозов42@example.com;https://images.firma-gamma.ru/images/5/6/d36639273692l.jpg;6;$2a$10$eObqG4zk7CbKPPTv0daHm.bcpK6zwyFPpjAVXOeDWrT/3TpVcxpia
Павлов Алексей Сергеевич;aпавлов42;aпавлов42@example.com;https://images.firma-gamma.ru/images/5/6/d36639273692l.jpg;7;$2a$10$eObqG4zk7CbKPPTv0daHm.bcpK6zwyFPpjAVXOeDWrT/3TpVcxpia
Семенов Алексей Сергеевич;aсеменов42;aсеменов42@example.com;https://images.firma-gamma.ru/images/5/6/d36639273692l.jpg;8;$2a$10$eObqG4zk7CbKPPTv0daHm.bcpK6zwyFPpjAVXOeDWrT/3TpVcxpia
Голубев Алексей Сергеевич;aголубев42;aголубев42@example.com;https://images.firma-gamma.ru/images/5/6/d36639273692l.jpg;9;$2a$10$eObqG4zk7CbKPPTv0daHm.bcpK6zwyFPpjAVXOeDWrT/3TpVcxpia
Виноградов Алексей Сергеевич;aвиноградов42;aвиноградов42@example.com;https://images.firma-gamma.ru/images/5/6/d36639273692l.jpg;10;$2a$10$eObqG4zk7CbKPPTv0daHm.bcpK6zwyFPpjAVXOeDWrT/3TpVcxpia
Смирнов Алексей Сергеевич;aсмирнов43;aсмирнов43@example.com;https://images.firma-gamma.ru/images/5/6/d36639273692l.jpg;1;$2a$10$eObqG4zk7CbKPPTv0daHm.bcpK6zwyFPpjAVXOeDWrT/3TpVcxpia
Васильев Алексей Сергеевич;aвасильев43;aвасильев43@example.com;https://images.firma-gamma.ru/images/5/6/d36639273692l.jpg;2;$2a$10$eObqG4zk7CbKPPTv0daHm.bcpK6zwyFPpjAVXOeDWrT/3TpVcxpia
Козлов Алексей Сергеевич;aкозлов43;aкозлов43@example.com;https://images.firma-gamma.ru/images/5/6/d36639273692l.jpg;3;$2a$10$eObqG4zk7CbKPPTv0daHm.bcpK6zwyFPpjAVXOeDWrT/3TpVcxpia
Попов Алексей Сергеевич;aпопов43;aпопов43@example.com;https://images.firma-gamma.ru/images/5/6/d36639273692l.jpg;4;$2a$10$eObqG4zk7CbKPPTv0daHm.bcpK6zwyFPpjAVXOeDWrT/3TpVcxpia
Новиков Алексей Сергеевич;aновиков43;aновиков43@example.com;https://images.firma-gamma.ru/images/5/6/d36639273692l.jpg;5;$2a$10$eObqG4zk7CbKPPTv0daHm.bcpK6zwyFPpjAVXOeDWrT/3TpVcxpia
Морозов Алексей Сергеевич;aморозов43;aморозов43@example.com;https://images.firma-gamma.ru/images/5/6/d36639273692l.jpg;6;$2a$10$eObqG4zk7CbKPPTv0daHm.bcpK6zwyFPpjAVXOeDWrT/3TpVcxpia
Павлов Алексей Сергеевич;aпавлов43;aпавлов43@example.com;https://images.firma-gamma.ru/images/5/6/d36639273692l.jpg;7;$2a$10$eObqG4zk7CbKPPTv0daHm.bcpK6zwyFPpjAVXOeDWrT/3TpVcxpia
Семенов Алексей Сергеевич;aсеменов43;aсеменов43@example.com;https://images.firma-gamma.ru/images/5/6/d36639273692l.jpg;8;$2a$10$eObqG4zk7CbKPPTv0daHm.bcpK6zwyFPpjAVXOeDWrT/3TpVcxpia
Голубев Алексей Сергеевич;aголубев43;aголубев43@example.com;https://images.firma-gamma.ru/images/5/6/d36639273692l.jpg;9;$2a$10$eObqG4zk7CbKPPTv0daHm.bcpK6zwyFPpjAVXOeDWrT/3TpVcxpia
Виноградов Алексей Сергеевич;aвиноградов43;aвиноградов43@example.com;https://images.firma-gamma.ru/images/5/6/d36639273692l.jpg;10;$2a$10$eObqG4zk7CbKPPTv0daHm.bcpK6zwyFPpjAVXOeDWrT/3TpVcxpia
Смирнов Алексей Сергеевич;aсмирнов44;aсмирнов44@example.com;https://images.firma-gamma.ru/images/5/6/d36639273692l.jpg;1;$2a$10$eObqG4zk7CbKPPTv0daHm.bcpK6zwyFPpjAVXOeDWrT/3TpVcxpia
Васильев Алексей Сергеевич;aвасильев44;aвасильев44@example.com;https://images.firma-gamma.ru/images/5/6/d36639273692l.jpg;2;$2a$10$eObqG4zk7CbKPPTv0daHm.bcpK6zwyFPpjAVXOeDWrT/3TpVcxpia
Козлов Алексей Сергеевич;aкозлов44;aкозлов44@example.com;https://images.firma-gamma.ru/images/5/6/d36639273692l.jpg;3;$2a$10$eObqG4zk7CbKPPTv0daHm.bcpK6zwyFPpjAVXOeDWrT/3TpVcxpia
Попов Алексей Сергеевич;aпопов44;aпопов44@example.com;https://images.firma-gamma.ru/images/5/6/d36639273692l.jpg;4;$2a$10$eObqG4zk7CbKPPTv0daHm.bcpK6zwyFPpjAVXOeDWrT/3TpVcxpia
Новиков Алексей Сергеевич;aновиков44;aновиков44@example.com;https://images.firma-gamma.ru/images/5/6/d36639273692l.jpg;5;$2a$10$eObqG4zk7CbKPPTv0daHm.bcpK6zwyFPpjAVXOeDWrT/3TpVcxpia
Морозов Алексей Сергеевич;aморозов44;aморозов44@example.com;https://images.firma-gamma.ru/images/5/6/d36639273692l.jpg;6;$2a$10$eObqG4zk7CbKPPTv0daHm.bcpK6zwyFPpjAVXOeDWrT/3TpVcxpia
Павлов Алексей Сергеевич;aпавлов44;aпавлов44@example.com;https://images.firma-gamma.ru/images/5/6/d36639273692l.jpg;7;$2a$10$eObqG4zk7CbKPPTv0daHm.bcpK6zwyFPpjAVXOeDWrT/3TpVcxpia
Семенов Алексей Сергеевич;aсеменов44;aсеменов44@example.com;https://images.firma-gamma.ru/images/5/6/d36639273692l.jpg;8;$2a$10$eObqG4zk7CbKPPTv0daHm.bcpK6zwyFPpjAVXOeDWrT/3TpVcxpia
Голубев Алексей Сергеевич;aголубев44;aголубев44@example.com;https://images.firma-gamma.ru/images/5/6/d36639273692l.jpg;9;$2a$10$eObqG4zk7CbKPPTv0daHm.bcpK6zwyFPpjAVXOeDWrT/3TpVcxpia
Виноградов Алексей Сергеевич;aвиноградов44;aвиноградов44@example.com;https://images.firma-gamma.ru/images/5/6/d36639273692l.jpg;10;$2a$10$eObqG4zk7CbKPPTv0daHm.bcpK6zwyFPpjAVXOeDWrT/3TpVcxpia
Смирнов Алексей Сергеевич;aсмирнов45;aсмирнов45@example.com;https://images.firma-gamma.ru/images/5/6/d36639273692l.jpg;1;$2a$10$eObqG4zk7CbKPPTv0daHm.bcpK6zwyFPpjAVXOeDWrT/3TpVcxpia
Васильев Алексей Сергеевич;aвасильев45;aвасильев45@example.com;https://images.firma-gamma.ru/images/5/6/d36639273692l.jpg;2;$2a$10$eObqG4zk7CbKPPTv0daHm.bcpK6zwyFPpjAVXOeDWrT/3TpVcxpia
Козлов Алексей Сергеевич;aкозлов45;aкозлов45@example.com;https://images.firma-gamma.ru/images/5/6/d36639273692l.jpg;3;$2a$10$eObqG4zk7CbKPPTv0daHm.bcpK6zwyFPpjAVXOeDWrT/3TpVcxpia
Попов Алексей Сергеевич;aпопов45;aпопов45@example.com;https://images.firma-gamma.ru/images/5/6/d36639273692l.jpg;4;$2a$10$eObqG4zk7CbKPPTv0daHm.bcpK6zwyFPpjAVXOeDWrT/3TpVcxpia
Новиков Алексей Сергеевич;aновиков45;aновиков45@example.com;https://images.firma-gamma.ru/images/5/6/d36639273692l.jpg;5;$2a$10$eObqG4zk7CbKPPTv0daHm.bcpK6zwyFPpjAVXOeDWrT/3TpVcxpia
Морозов Алексей Сергеевич;aморозов45;aморозов45@example.com;https://images.firma-gamma.ru/images/5/6/d36639273692l.jpg;6;$2a$10$eObqG4zk7CbKPPTv0daHm.bcpK6zwyFPpjAVXOeDWrT/3TpVcxpia
Павлов Алексей Сергеевич;aпавлов45;aпавлов45@example.com;https://images.firma-gamma.ru/images/5/6/d36639273692l.jpg;7;$2a$10$eObqG4zk7CbKPPTv0daHm.bcpK6zwyFPpjAVXOeDWrT/3TpVcxpia
Семенов Алексей Сергеевич;aсеменов45;aсеменов45@example.com;https://images.firma-gamma.ru/images/5/6/d36639273692l.jpg;8;$2a$10$eObqG4zk7CbKPPTv0daHm.bcpK6zwyFPpjAVXOeDWrT/3TpVcxpia
Голубев Алексей Сергеевич;aголубев45;aголубев45@example.com;https://images.firma-gamma.ru/images/5/6/d36639273692l.jpg;9;$2a$10$eObqG4zk7CbKPPTv0daHm.bcpK6zwyFPpjAVXOeDWrT/3TpVcxpia
Виноградов Алексей Сергеевич;aвиноградов45;aвиноградов45@example.com;https://images.firma-gamma.ru/images/5/6/d36639273692l.jpg;10;$2a$10$eObqG4zk7CbKPPTv0daHm.bcpK6zwyFPpjAVXOeDWrT/3TpVcxpia
Смирнов Алексей Сергеевич;aсмирнов46;aсмирнов46@example.com;https://images.firma-gamma.ru/images/5/6/d36639273692l.jpg;1;$2a$10$eObqG4zk7CbKPPTv0daHm.bcpK6zwyFPpjAVXOeDWrT/3TpVcxpia
Васильев Алексей Сергеевич;aвасильев46;aвасильев46@example.com;https://images.firma-gamma.ru/images/5/6/d36639273692l.jpg;2;$2a$10$eObqG4zk7CbKPPTv0daHm.bcpK6zwyFPpjAVXOeDWrT/3TpVcxpia
Козлов Алексей Сергеевич;aкозлов46;aкозлов46@example.com;https://images.firma-gamma.ru/images/5/6/d36639273692l.jpg;3;$2a$10$eObqG4zk7CbKPPTv0daHm.bcpK6zwyFPpjAVXOeDWrT/3TpVcxpia
Попов Алексей Сергеевич;aпопов46;aпопов46@example.com;https://images.firma-gamma.ru/images/5/6/d36639273692l.jpg;4;$2a$10$eObqG4zk7CbKPPTv0daHm.bcpK6zwyFPpjAVXOeDWrT/3TpVcxpia
Новиков Алексей Сергеевич;aновиков46;aновиков46@example.com;https://images.firma-gamma.ru/images/5/6/d36639273692l.jpg;5;$2a$10$eObqG4zk7CbKPPTv0daHm.bcpK6zwyFPpjAVXOeDWrT/3TpVcxpia
Морозов Алексей Сергеевич;aморозов46;aморозов46@example.com;https://images.firma-gamma.ru/images/5/6/d36639273692l.jpg;6;$2a$10$eObqG4zk7CbKPPTv0daHm.bcpK6zwyFPpjAVXOeDWrT/3TpVcxpia
Павлов Алексей Сергеевич;aпавлов46;aпавлов46@example.com;https://images.firma-gamma.ru/images/5/6/d36639273692l.jpg;7;$2a$10$eObqG4zk7CbKPPTv0daHm.bcpK6zwyFPpjAVXOeDWrT/3TpVcxpia
Семенов Алексей Сергеевич;aсеменов46;aсеменов46@example.com;https://images.firma-gamma.ru/images/5/6/d36639273692l.jpg;8;$2a$10$eObqG4zk7CbKPPTv0daHm.bcpK6zwyFPpjAVXOeDWrT/3TpVcxpia
Голубев Алексей Сергеевич;aголубев46;aголубев46@example.com;https://images.firma-gamma.ru/images/5/6/d36639273692l.jpg;9;$2a$10$eObqG4zk7CbKPPTv0daHm.bcpK6zwyFPpjAVXOeDWrT/3TpVcxpia
Виноградов Алексей Сергеевич;aвиноградов46;aвиноградов46@example.com;https://images.firma-gamma.ru/images/5/6/d36639273692l.jpg;10;$2a$10$eObqG4zk7CbKPPTv0daHm.bcpK6zwyFPpjAVXOeDWrT/3TpVcxpia
Смирнов Алексей Сергеевич;aсмирнов47;aсмирнов47@example.com;https://images.firma-gamma.ru/images/5/6/d36639273692l.jpg;1;$2a$10$eObqG4zk7CbKPPTv0daHm.bcpK6zwyFPpjAVXOeDWrT/3TpVcxpia
Васильев Алексей Сергеевич;aвасильев47;aвасильев47@example.com;https://images.firma-gamma.ru/images/5/6/d36639273692l.jpg;2;$2a$10$eObqG4zk7CbKPPTv0daHm.bcpK6zwyFPpjAVXOeDWrT/3TpVcxpia
Козлов Алексей Сергеевич;aкозлов47;aкозлов47@example.com;https://images.firma-gamma.ru/images/5/6/d36639273692l.jpg;3;$2a$10$eObqG4zk7CbKPPTv0daHm.bcpK6zwyFPpjAVXOeDWrT/3TpVcxpia
Попов Алексей Сергеевич;aпопов47;aпопов47@example.com;https://images.firma-gamma.ru/images/5/6/d36639273692l.jpg;4;$2a$10$eObqG4zk7CbKPPTv0daHm.bcpK6zwyFPpjAVXOeDWrT/3TpVcxpia
Новиков Алексей Сергеевич;aновиков47;aновиков47@example.com;https://images.firma-gamma.ru/images/5/6/d36639273692l.jpg;5;$2a$10$eObqG4zk7CbKPPTv0daHm.bcpK6zwyFPpjAVXOeDWrT/3TpVcxpia
Морозов Алексей Сергеевич;aморозов47;aморозов47@example.com;https://images.firma-gamma.ru/images/5/6/d36639273692l.jpg;6;$2a$10$eObqG4zk7CbKPPTv0daHm.bcpK6zwyFPpjAVXOeDWrT/3TpVcxpia
Павлов Алексей Сергеевич;aпавлов47;aпавлов47@example.com;https://images.firma-gamma.ru/images/5/6/d36639273692l.jpg;7;$2a$10$eObqG4zk7CbKPPTv0daHm.bcpK6zwyFPpjAVXOeDWrT/3TpVcxpia
Семенов Алексей Сергеевич;aсеменов47;aсеменов47@example.com;https://images.firma-gamma.ru/images/5/6/d36639273692l.jpg;8;$2a$10$eObqG4zk7CbKPPTv0daHm.bcpK6zwyFPpjAVXOeDWrT/3TpVcxpia
Голубев Алексей Сергеевич;aголубев47;aголубев47@example.com;https://images.firma-gamma.ru/images/5/6/d36639273692l.jpg;9;$2a$10$eObqG4zk7CbKPPTv0daHm.bcpK6zwyFPpjAVXOeDWrT/3TpVcxpia
Виноградов Алексей Сергеевич;aвиноградов47;aвиноградов47@example.com;https://images.firma-gamma.ru/images/5/6/d36639273692l.jpg;10;$2a$10$eObqG4zk7CbKPPTv0daHm.bcpK6zwyFPpjAVXOeDWrT/3TpVcxpia
Смирнов Алексей Сергеевич;aсмирнов48;aсмирнов48@example.com;https://images.firma-gamma.ru/images/5/6/d36639273692l.jpg;1;$2a$10$eObqG4zk7CbKPPTv0daHm.bcpK6zwyFPpjAVXOeDWrT/3TpVcxpia
Васильев Алексей Сергеевич;aвасильев48;aвасильев48@example.com;https://images.firma-gamma.ru/images/5/6/d36639273692l.jpg;2;$2a$10$eObqG4zk7CbKPPTv0daHm.bcpK6zwyFPpjAVXOeDWrT/3TpVcxpia
Козлов Алексей Сергеевич;aкозлов48;aкозлов48@example.com;https://images.firma-gamma.ru/images/5/6/d36639273692l.jpg;3;$2a$10$eObqG4zk7CbKPPTv0daHm.bcpK6zwyFPpjAVXOeDWrT/3TpVcxpia
Попов Алексей Сергеевич;aпопов48;aпопов48@example.com;https://images.firma-gamma.ru/images/5/6/d36639273692l.jpg;4;$2a$10$eObqG4zk7CbKPPTv0daHm.bcpK6zwyFPpjAVXOeDWrT/3TpVcxpia
Новиков Алексей Сергеевич;aновиков48;aновиков48@example.com;https://images.firma-gamma.ru/images/5/6/d36639273692l.jpg;5;$2a$10$eObqG4zk7CbKPPTv0daHm.bcpK6zwyFPpjAVXOeDWrT/3TpVcxpia
Морозов Алексей Сергеевич;aморозов48;aморозов48@example.com;https://images.firma-gamma.ru/images/5/6/d36639273692l.jpg;6;$2a$10$eObqG4zk7CbKPPTv0daHm.bcpK6zwyFPpjAVXOeDWrT/3TpVcxpia
Павлов Алексей Сергеевич;aпавлов48;aпавлов48@example.com;https://images.firma-gamma.ru/images/5/6/d36639273692l.jpg;7;$2a$10$eObqG4zk7CbKPPTv0daHm.bcpK6zwyFPpjAVXOeDWrT/3TpVcxpia
Семенов Алексей Сергеевич;aсеменов48;aсеменов48@example.com;https://images.firma-gamma.ru/images/5/6/d36639273692l.jpg;8;$2a$10$eObqG4zk7CbKPPTv0daHm.bcpK6zwyFPpjAVXOeDWrT/3TpVcxpia
Голубев Алексей Сергеевич;aголубев48;aголубев48@example.com;https://images.firma-gamma.ru/images/5/6/d36639273692l.jpg;9;$2a$10$eObqG4zk7CbKPPTv0daHm.bcpK6zwyFPpjAVXOeDWrT/3TpVcxpia
Виноградов Алексей Сергеевич;aвиноградов48;aвиноградов48@example.com;https://images.firma-gamma.ru/images/5/6/d36639273692l.jpg;10;$2a$10$eObqG4zk7CbKPPTv0daHm.bcpK6zwyFPpjAVXOeDWrT/3TpVcxpia
Смирнов Алексей Сергеевич;aсмирнов49;aсмирнов49@example.com;https://images.firma-gamma.ru/images/5/6/d36639273692l.jpg;1;$2a$10$eObqG4zk7CbKPPTv0daHm.bcpK6zwyFPpjAVXOeDWrT/3TpVcxpia
Васильев Алексей Сергеевич;aвасильев49;aвасильев49@example.com;https://images.firma-gamma.ru/images/5/6/d36639273692l.jpg;2;$2a$10$eObqG4zk7CbKPPTv0daHm.bcpK6zwyFPpjAVXOeDWrT/3TpVcxpia
Козлов Алексей Сергеевич;aкозлов49;aкозлов49@example.com;https://images.firma-gamma.ru/images/5/6/d36639273692l.jpg;3;$2a$10$eObqG4zk7CbKPPTv0daHm.bcpK6zwyFPpjAVXOeDWrT/3TpVcxpia
Попов Алексей Сергеевич;aпопов49;aпопов49@example.com;https://images.firma-gamma.ru/images/5/6/d36639273692l.jpg;4;$2a$10$eObqG4zk7CbKPPTv0daHm.bcpK6zwyFPpjAVXOeDWrT/3TpVcxpia
Новиков Алексей Сергеевич;aновиков49;aновиков49@example.com;https://images.firma-gamma.ru/images/5/6/d36639273692l.jpg;5;$2a$10$eObqG4zk7CbKPPTv0daHm.bcpK6zwyFPpjAVXOeDWrT/3TpVcxpia
Морозов Алексей Сергеевич;aморозов49;aморозов49@example.com;https://images.firma-gamma.ru/images/5/6/d36639273692l.jpg;6;$2a$10$eObqG4zk7CbKPPTv0daHm.bcpK6zwyFPpjAVXOeDWrT/3TpVcxpia
Павлов Алексей Сергеевич;aпавлов49;aпавлов49@example.com;https://images.firma-gamma.ru/images/5/6/d36639273692l.jpg;7;$2a$10$eObqG4zk7CbKPPTv0daHm.bcpK6zwyFPpjAVXOeDWrT/3TpVcxpia
Семенов Алексей Сергеевич;aсеменов49;aсеменов49@example.com;https://images.firma-gamma.ru/images/5/6/d36639273692l.jpg;8;$2a$10$eObqG4zk7CbKPPTv0daHm.bcpK6zwyFPpjAVXOeDWrT/3TpVcxpia
Голубев Алексей Сергеевич;aголубев49;aголубев49@example.com;https://images.firma-gamma.ru/images/5/6/d36639273692l.jpg;9;$2a$10$eObqG4zk7CbKPPTv0daHm.bcpK6zwyFPpjAVXOeDWrT/3TpVcxpia
Виноградов Алексей Сергеевич;aвиноградов49;aвиноградов49@example.com;https://images.firma-gamma.ru/images/5/6/d36639273692l.jpg;10;$2a$10$eObqG4zk7CbKPPTv0daHm.bcpK6zwyFPpjAVXOeDWrT/3TpVcxpia